alpha_mean,bucket,control_mode,count,dataset,degree_mean,family,fraction_of_test,global_preference_rate,local_advantage_mean,local_preference_rate,local_similarity_mean,neighbor_variance_mean,rwse_mean,seed,split,test_accuracy
0.75,low,combined,6123,Amazon-ratings,0.001702866400592029,iterative_relation_finetune,1.0,0.1818181872367859,0.07027772814035416,0.8181818127632141,0.5250644087791443,0.003907768987119198,0.004141633398830891,0,0,0.4775436818599701
nan,mid,combined,0,Amazon-ratings,nan,iterative_relation_finetune,0.0,nan,nan,nan,nan,nan,nan,0,0,nan
0.75,high,combined,6123,Amazon-ratings,0.001702866400592029,iterative_relation_finetune,1.0,0.1818181872367859,0.07027772814035416,0.8181818127632141,0.5250644087791443,0.003907768987119198,0.004141633398830891,0,0,0.4775436818599701
0.7943239808082581,low,combined,1531,Amazon-ratings,0.46998900175094604,iterative_relation_finetune,0.25004082965866403,0.3333333432674408,0.07769262790679932,0.6666666865348816,0.5007598400115967,0.0957835242152214,0.543099045753479,0,1,0.4539516568183899
0.7997066378593445,mid,combined,3061,Amazon-ratings,0.022592375054955482,iterative_relation_finetune,0.4999183406826719,0.0625,0.054144445806741714,0.9375,0.5338124632835388,-0.08435064554214478,0.003602503566071391,0,1,0.4841555058956146
0.803213894367218,high,combined,1531,Amazon-ratings,-0.46828052401542664,iterative_relation_finetune,0.25004082965866403,0.375,0.0966220498085022,0.625,0.5315934419631958,0.062203750014305115,-0.5435961484909058,0,1,0.5003265738487244
0.75,low,combined,6123,Amazon-ratings,0.003959277179092169,iterative_relation_finetune,1.0,0.3214285671710968,0.0704444870352745,0.6785714030265808,0.5251477956771851,0.006452081725001335,0.008195827715098858,0,2,0.47084763646125793
nan,mid,combined,0,Amazon-ratings,nan,iterative_relation_finetune,0.0,nan,nan,nan,nan,nan,nan,0,2,nan
0.75,high,combined,6123,Amazon-ratings,0.003959277179092169,iterative_relation_finetune,1.0,0.3214285671710968,0.0704444870352745,0.6785714030265808,0.5251477956771851,0.006452081725001335,0.008195827715098858,0,2,0.47084763646125793
0.5,low,combined,6123,Amazon-ratings,0.016446534544229507,iterative_relation_finetune,1.0,0.5185185074806213,0.07047181576490402,0.48148149251937866,0.5273684859275818,-0.006983085069805384,0.013893578201532364,0,3,0.4484729766845703
nan,mid,combined,0,Amazon-ratings,nan,iterative_relation_finetune,0.0,nan,nan,nan,nan,nan,nan,0,3,nan
0.5,high,combined,6123,Amazon-ratings,0.016446534544229507,iterative_relation_finetune,1.0,0.5185185074806213,0.07047181576490402,0.48148149251937866,0.5273684859275818,-0.006983085069805384,0.013893578201532364,0,3,0.4484729766845703
1.0,low,combined,6123,Amazon-ratings,-0.014064298942685127,iterative_relation_finetune,1.0,0.2647058963775635,0.07041243463754654,0.7352941036224365,0.5280535221099854,-0.01203747745603323,-0.004690318834036589,0,4,0.4716642200946808
nan,mid,combined,0,Amazon-ratings,nan,iterative_relation_finetune,0.0,nan,nan,nan,nan,nan,nan,0,4,nan
1.0,high,combined,6123,Amazon-ratings,-0.014064298942685127,iterative_relation_finetune,1.0,0.2647058963775635,0.07041243463754654,0.7352941036224365,0.5280535221099854,-0.01203747745603323,-0.004690318834036589,0,4,0.4716642200946808
0.7888124585151672,low,combined,1531,Amazon-ratings,0.8748518824577332,iterative_relation_finetune,0.25004082965866403,0.48739495873451233,0.050270818173885345,0.5126050710678101,0.5059154033660889,0.1585361212491989,0.40253862738609314,0,5,0.46505552530288696
0.7935145497322083,mid,combined,3061,Amazon-ratings,-0.16891193389892578,iterative_relation_finetune,0.4999183406826719,0.5906040072441101,0.04452327638864517,0.4093959629535675,0.5399874448776245,-0.1169992983341217,0.10195645689964294,0,5,0.46945443749427795
0.7989726066589355,high,combined,1531,Amazon-ratings,-0.5560441613197327,iterative_relation_finetune,0.25004082965866403,0.46107783913612366,0.11658671498298645,0.538922131061554,0.515491783618927,0.055120546370744705,-0.6208154559135437,0,5,0.5336381196975708
1.0,low,combined,6123,Amazon-ratings,-0.007341407705098391,iterative_relation_finetune,1.0,0.20000000298023224,0.0701877623796463,0.800000011920929,0.527580738067627,-0.0035617712419480085,-0.0031465881038457155,0,6,0.46692797541618347
nan,mid,combined,0,Amazon-ratings,nan,iterative_relation_finetune,0.0,nan,nan,nan,nan,nan,nan,0,6,nan
1.0,high,combined,6123,Amazon-ratings,-0.007341407705098391,iterative_relation_finetune,1.0,0.20000000298023224,0.0701877623796463,0.800000011920929,0.527580738067627,-0.0035617712419480085,-0.0031465881038457155,0,6,0.46692797541618347
1.0,low,combined,6123,Amazon-ratings,0.009832475334405899,iterative_relation_finetune,1.0,0.3333333432674408,0.07032939046621323,0.6666666865348816,0.5263234972953796,0.00396599480882287,-0.0063969288021326065,0,7,0.4634982943534851
nan,mid,combined,0,Amazon-ratings,nan,iterative_relation_finetune,0.0,nan,nan,nan,nan,nan,nan,0,7,nan
1.0,high,combined,6123,Amazon-ratings,0.009832475334405899,iterative_relation_finetune,1.0,0.3333333432674408,0.07032939046621323,0.6666666865348816,0.5263234972953796,0.00396599480882287,-0.0063969288021326065,0,7,0.4634982943534851
0.7866274118423462,low,combined,1531,Amazon-ratings,0.10825223475694656,iterative_relation_finetune,0.25004082965866403,0.46979865431785583,0.04970121011137962,0.5302013158798218,0.6172595620155334,-0.29056450724601746,0.6209999322891235,0,8,0.41410842537879944
0.7915574312210083,mid,combined,3061,Amazon-ratings,0.14647547900676727,iterative_relation_finetune,0.4999183406826719,0.4767025113105774,0.04823935776948929,0.5232974886894226,0.538329541683197,0.002385122934356332,-0.04619873687624931,0,8,0.47108787298202515
0.7954292893409729,high,combined,1531,Amazon-ratings,-0.3766360580921173,iterative_relation_finetune,0.25004082965866403,0.5897436141967773,0.10903383791446686,0.41025641560554504,0.4045138955116272,0.36171838641166687,-0.5108314752578735,0,8,0.5767472386360168
0.7943379282951355,low,combined,1531,Amazon-ratings,-0.2922806739807129,iterative_relation_finetune,0.25004082965866403,0.5,0.04955032467842102,0.5,0.5874670743942261,-0.2823752760887146,0.3427852392196655,0,9,0.4160679280757904
0.7973832488059998,mid,combined,3061,Amazon-ratings,0.15263426303863525,iterative_relation_finetune,0.4999183406826719,0.23076923191547394,0.07305654883384705,0.7692307829856873,0.5329996943473816,0.02459721826016903,0.028811100870370865,0,9,0.46978113055229187
0.7997978925704956,high,combined,1531,Amazon-ratings,-0.005316800903528929,iterative_relation_finetune,0.25004082965866403,0.3333333432674408,0.0850425660610199,0.6666666865348816,0.45393282175064087,0.22620609402656555,-0.4169524908065796,0,9,0.5610712170600891
0.75,low,fixed,6123,Amazon-ratings,0.001702866400592029,iterative_relation_finetune,1.0,0.1818181872367859,0.07027772814035416,0.8181818127632141,0.5250644087791443,0.003907768987119198,0.004141633398830891,0,0,0.4775436818599701
nan,mid,fixed,0,Amazon-ratings,nan,iterative_relation_finetune,0.0,nan,nan,nan,nan,nan,nan,0,0,nan
0.75,high,fixed,6123,Amazon-ratings,0.001702866400592029,iterative_relation_finetune,1.0,0.1818181872367859,0.07027772814035416,0.8181818127632141,0.5250644087791443,0.003907768987119198,0.004141633398830891,0,0,0.4775436818599701
0.75,low,fixed,6123,Amazon-ratings,0.011721544899046421,iterative_relation_finetune,1.0,0.18518517911434174,0.07065358012914658,0.8148148059844971,0.5249931216239929,-0.0026651646476238966,0.0016766644548624754,0,1,0.4710109531879425
nan,mid,fixed,0,Amazon-ratings,nan,iterative_relation_finetune,0.0,nan,nan,nan,nan,nan,nan,0,1,nan
0.75,high,fixed,6123,Amazon-ratings,0.011721544899046421,iterative_relation_finetune,1.0,0.18518517911434174,0.07065358012914658,0.8148148059844971,0.5249931216239929,-0.0026651646476238966,0.0016766644548624754,0,1,0.4710109531879425
0.75,low,fixed,6123,Amazon-ratings,0.003959277179092169,iterative_relation_finetune,1.0,0.3214285671710968,0.0704444870352745,0.6785714030265808,0.5251477956771851,0.006452081725001335,0.008195827715098858,0,2,0.48260655999183655
nan,mid,fixed,0,Amazon-ratings,nan,iterative_relation_finetune,0.0,nan,nan,nan,nan,nan,nan,0,2,nan
0.75,high,fixed,6123,Amazon-ratings,0.003959277179092169,iterative_relation_finetune,1.0,0.3214285671710968,0.0704444870352745,0.6785714030265808,0.5251477956771851,0.006452081725001335,0.008195827715098858,0,2,0.48260655999183655
0.5,low,fixed,6123,Amazon-ratings,0.016446534544229507,iterative_relation_finetune,1.0,0.5185185074806213,0.07047181576490402,0.48148149251937866,0.5273684859275818,-0.006983085069805384,0.013893578201532364,0,3,0.4484729766845703
nan,mid,fixed,0,Amazon-ratings,nan,iterative_relation_finetune,0.0,nan,nan,nan,nan,nan,nan,0,3,nan
0.5,high,fixed,6123,Amazon-ratings,0.016446534544229507,iterative_relation_finetune,1.0,0.5185185074806213,0.07047181576490402,0.48148149251937866,0.5273684859275818,-0.006983085069805384,0.013893578201532364,0,3,0.4484729766845703
1.0,low,fixed,6123,Amazon-ratings,-0.014064298942685127,iterative_relation_finetune,1.0,0.2647058963775635,0.07041243463754654,0.7352941036224365,0.5280535221099854,-0.01203747745603323,-0.004690318834036589,0,4,0.4716642200946808
nan,mid,fixed,0,Amazon-ratings,nan,iterative_relation_finetune,0.0,nan,nan,nan,nan,nan,nan,0,4,nan
1.0,high,fixed,6123,Amazon-ratings,-0.014064298942685127,iterative_relation_finetune,1.0,0.2647058963775635,0.07041243463754654,0.7352941036224365,0.5280535221099854,-0.01203747745603323,-0.004690318834036589,0,4,0.4716642200946808
0.75,low,fixed,6123,Amazon-ratings,-0.004727243445813656,iterative_relation_finetune,1.0,0.5325342416763306,0.06397920101881027,0.46746575832366943,0.525343120098114,-0.00506720831617713,-0.0036082176957279444,0,5,0.4768904149532318
nan,mid,fixed,0,Amazon-ratings,nan,iterative_relation_finetune,0.0,nan,nan,nan,nan,nan,nan,0,5,nan
0.75,high,fixed,6123,Amazon-ratings,-0.004727243445813656,iterative_relation_finetune,1.0,0.5325342416763306,0.06397920101881027,0.46746575832366943,0.525343120098114,-0.00506720831617713,-0.0036082176957279444,0,5,0.4768904149532318
1.0,low,fixed,6123,Amazon-ratings,-0.007341407705098391,iterative_relation_finetune,1.0,0.20000000298023224,0.0701877623796463,0.800000011920929,0.527580738067627,-0.0035617712419480085,-0.0031465881038457155,0,6,0.46692797541618347
nan,mid,fixed,0,Amazon-ratings,nan,iterative_relation_finetune,0.0,nan,nan,nan,nan,nan,nan,0,6,nan
1.0,high,fixed,6123,Amazon-ratings,-0.007341407705098391,iterative_relation_finetune,1.0,0.20000000298023224,0.0701877623796463,0.800000011920929,0.527580738067627,-0.0035617712419480085,-0.0031465881038457155,0,6,0.46692797541618347
1.0,low,fixed,6123,Amazon-ratings,0.009832475334405899,iterative_relation_finetune,1.0,0.3333333432674408,0.07032939046621323,0.6666666865348816,0.5263234972953796,0.00396599480882287,-0.0063969288021326065,0,7,0.4634982943534851
nan,mid,fixed,0,Amazon-ratings,nan,iterative_relation_finetune,0.0,nan,nan,nan,nan,nan,nan,0,7,nan
1.0,high,fixed,6123,Amazon-ratings,0.009832475334405899,iterative_relation_finetune,1.0,0.3333333432674408,0.07032939046621323,0.6666666865348816,0.5263234972953796,0.00396599480882287,-0.0063969288021326065,0,7,0.4634982943534851
0.75,low,fixed,6123,Amazon-ratings,0.0061188661493361,iterative_relation_finetune,1.0,0.4990825653076172,0.06380598247051239,0.5009174346923828,0.5246058702468872,0.018983734771609306,0.004450994078069925,0,8,0.4721541702747345
nan,mid,fixed,0,Amazon-ratings,nan,iterative_relation_finetune,0.0,nan,nan,nan,nan,nan,nan,0,8,nan
0.75,high,fixed,6123,Amazon-ratings,0.0061188661493361,iterative_relation_finetune,1.0,0.4990825653076172,0.06380598247051239,0.5009174346923828,0.5246058702468872,0.018983734771609306,0.004450994078069925,0,8,0.4721541702747345
0.75,low,fixed,6123,Amazon-ratings,0.0018931688973680139,iterative_relation_finetune,1.0,0.3461538553237915,0.07017602771520615,0.6538461446762085,0.5268487930297852,-0.001747979549691081,-0.004141635727137327,0,9,0.47248080372810364
nan,mid,fixed,0,Amazon-ratings,nan,iterative_relation_finetune,0.0,nan,nan,nan,nan,nan,nan,0,9,nan
0.75,high,fixed,6123,Amazon-ratings,0.0018931688973680139,iterative_relation_finetune,1.0,0.3461538553237915,0.07017602771520615,0.6538461446762085,0.5268487930297852,-0.001747979549691081,-0.004141635727137327,0,9,0.47248080372810364
0.7945356369018555,low,reliability_only,1531,Amazon-ratings,0.17684270441532135,iterative_relation_finetune,0.25004082965866403,0.25,0.05102412402629852,0.75,0.5724432468414307,-0.17585894465446472,0.5693607926368713,0,0,0.439581960439682
0.8020820021629333,mid,reliability_only,3061,Amazon-ratings,0.17205876111984253,iterative_relation_finetune,0.4999183406826719,0.1875,0.06312862783670425,0.8125,0.5529886484146118,-0.0861426293849945,0.060749202966690063,0,0,0.4472394585609436
0.8114977478981018,high,reliability_only,1531,Amazon-ratings,-0.5140374302864075,iterative_relation_finetune,0.25004082965866403,0.0,0.10382484644651413,1.0,0.4218554198741913,0.3637165129184723,-0.6742557287216187,0,0,0.5898106098175049
0.7903869152069092,low,reliability_only,1531,Amazon-ratings,0.26573535799980164,iterative_relation_finetune,0.25004082965866403,0.0,0.06995608657598495,1.0,0.49542102217674255,0.1587061733007431,0.6352946758270264,0,1,0.44415414333343506
0.7965149879455566,mid,reliability_only,3061,Amazon-ratings,0.07986179739236832,iterative_relation_finetune,0.4999183406826719,0.23529411852359772,0.04810824617743492,0.7647058963775635,0.5503508448600769,-0.12019157409667969,-0.0203794427216053,0,1,0.4737014174461365
0.8010687828063965,high,reliability_only,1531,Amazon-ratings,-0.37852826714515686,iterative_relation_finetune,0.25004082965866403,0.1428571492433548,0.11642704904079437,0.8571428656578064,0.5038663148880005,0.0709395632147789,-0.5878434777259827,0,1,0.519921600818634
0.7926672101020813,low,reliability_only,1531,Amazon-ratings,-0.20734803378582,iterative_relation_finetune,0.25004082965866403,0.4285714328289032,0.06251154839992523,0.5714285969734192,0.5411454439163208,-0.010193874128162861,0.403027206659317,0,2,0.41802743077278137
0.8014285564422607,mid,reliability_only,3061,Amazon-ratings,0.04987720772624016,iterative_relation_finetune,0.4999183406826719,0.5,0.08538172394037247,0.5,0.5214130878448486,0.03427150472998619,-0.07567980885505676,0,2,0.5011433959007263
0.8065352439880371,high,reliability_only,1531,Amazon-ratings,0.12346069514751434,iterative_relation_finetune,0.25004082965866403,0.09090909361839294,0.04851271212100983,0.9090909361839294,0.5166170597076416,-0.032522644847631454,-0.21893905103206635,0,2,0.5336381196975708
0.5,low,reliability_only,6123,Amazon-ratings,0.016446534544229507,iterative_relation_finetune,1.0,0.5185185074806213,0.07047181576490402,0.48148149251937866,0.5273684859275818,-0.006983085069805384,0.013893578201532364,0,3,0.4484729766845703
nan,mid,reliability_only,0,Amazon-ratings,nan,iterative_relation_finetune,0.0,nan,nan,nan,nan,nan,nan,0,3,nan
0.5,high,reliability_only,6123,Amazon-ratings,0.016446534544229507,iterative_relation_finetune,1.0,0.5185185074806213,0.07047181576490402,0.48148149251937866,0.5273684859275818,-0.006983085069805384,0.013893578201532364,0,3,0.4484729766845703
1.0,low,reliability_only,6123,Amazon-ratings,-0.014064298942685127,iterative_relation_finetune,1.0,0.2647058963775635,0.07041243463754654,0.7352941036224365,0.5280535221099854,-0.01203747745603323,-0.004690318834036589,0,4,0.4716642200946808
nan,mid,reliability_only,0,Amazon-ratings,nan,iterative_relation_finetune,0.0,nan,nan,nan,nan,nan,nan,0,4,nan
1.0,high,reliability_only,6123,Amazon-ratings,-0.014064298942685127,iterative_relation_finetune,1.0,0.2647058963775635,0.07041243463754654,0.7352941036224365,0.5280535221099854,-0.01203747745603323,-0.004690318834036589,0,4,0.4716642200946808
0.7881173491477966,low,reliability_only,1531,Amazon-ratings,0.93244868516922,iterative_relation_finetune,0.25004082965866403,0.5113636255264282,0.06948133558034897,0.4886363744735718,0.50961834192276,0.1645004153251648,0.3928243815898895,0,5,0.4519921541213989
0.7938629984855652,mid,reliability_only,3061,Amazon-ratings,-0.18329130113124847,iterative_relation_finetune,0.4999183406826719,0.5778546929359436,0.0526154451072216,0.4221453368663788,0.5240992307662964,-0.07153481990098953,0.09006813168525696,0,5,0.4838288128376007
0.7989024519920349,high,reliability_only,1531,Amazon-ratings,-0.584891676902771,iterative_relation_finetune,0.25004082965866403,0.47826087474823,0.08119715750217438,0.52173912525177,0.5435547828674316,-0.04174301028251648,-0.5873323678970337,0,5,0.5401698350906372
1.0,low,reliability_only,6123,Amazon-ratings,-0.007341407705098391,iterative_relation_finetune,1.0,0.20000000298023224,0.0701877623796463,0.800000011920929,0.527580738067627,-0.0035617712419480085,-0.0031465881038457155,0,6,0.46692797541618347
nan,mid,reliability_only,0,Amazon-ratings,nan,iterative_relation_finetune,0.0,nan,nan,nan,nan,nan,nan,0,6,nan
1.0,high,reliability_only,6123,Amazon-ratings,-0.007341407705098391,iterative_relation_finetune,1.0,0.20000000298023224,0.0701877623796463,0.800000011920929,0.527580738067627,-0.0035617712419480085,-0.0031465881038457155,0,6,0.46692797541618347
1.0,low,reliability_only,6123,Amazon-ratings,0.009832475334405899,iterative_relation_finetune,1.0,0.3333333432674408,0.07032939046621323,0.6666666865348816,0.5263234972953796,0.00396599480882287,-0.0063969288021326065,0,7,0.4634982943534851
nan,mid,reliability_only,0,Amazon-ratings,nan,iterative_relation_finetune,0.0,nan,nan,nan,nan,nan,nan,0,7,nan
1.0,high,reliability_only,6123,Amazon-ratings,0.009832475334405899,iterative_relation_finetune,1.0,0.3333333432674408,0.07032939046621323,0.6666666865348816,0.5263234972953796,0.00396599480882287,-0.0063969288021326065,0,7,0.4634982943534851
0.7898133993148804,low,reliability_only,1531,Amazon-ratings,-0.26934194564819336,iterative_relation_finetune,0.25004082965866403,0.44805195927619934,0.0486488863825798,0.551948070526123,0.6462165713310242,-0.49152708053588867,0.5255122780799866,0,8,0.42586544156074524
0.7950242757797241,mid,reliability_only,3061,Amazon-ratings,0.1148306354880333,iterative_relation_finetune,0.4999183406826719,0.49642857909202576,0.0663144662976265,0.5035714507102966,0.5226022005081177,0.07918616384267807,-0.06535203754901886,0,8,0.4661875069141388
0.7989447116851807,high,reliability_only,1531,Amazon-ratings,0.0642271339893341,iterative_relation_finetune,0.25004082965866403,0.5765765905380249,0.07394774258136749,0.4234234094619751,0.4070013165473938,0.40912896394729614,-0.3770498037338257,0,8,0.5682560205459595
0.75,low,reliability_only,6123,Amazon-ratings,0.0018931688973680139,iterative_relation_finetune,1.0,0.3461538553237915,0.07017602771520615,0.6538461446762085,0.5268487930297852,-0.001747979549691081,-0.004141635727137327,0,9,0.457782119512558
nan,mid,reliability_only,0,Amazon-ratings,nan,iterative_relation_finetune,0.0,nan,nan,nan,nan,nan,nan,0,9,nan
0.75,high,reliability_only,6123,Amazon-ratings,0.0018931688973680139,iterative_relation_finetune,1.0,0.3461538553237915,0.07017602771520615,0.6538461446762085,0.5268487930297852,-0.001747979549691081,-0.004141635727137327,0,9,0.457782119512558
0.75,low,combined,6123,Amazon-ratings,0.001702866400592029,iterative_relation_frozen,1.0,0.1818181872367859,0.07027772814035416,0.8181818127632141,0.5250644087791443,0.003907768987119198,0.004141633398830891,0,0,0.4775436818599701
nan,mid,combined,0,Amazon-ratings,nan,iterative_relation_frozen,0.0,nan,nan,nan,nan,nan,nan,0,0,nan
0.75,high,combined,6123,Amazon-ratings,0.001702866400592029,iterative_relation_frozen,1.0,0.1818181872367859,0.07027772814035416,0.8181818127632141,0.5250644087791443,0.003907768987119198,0.004141633398830891,0,0,0.4775436818599701
0.75,low,combined,6123,Amazon-ratings,0.011721544899046421,iterative_relation_frozen,1.0,0.18518517911434174,0.07065358012914658,0.8148148059844971,0.5249931216239929,-0.0026651646476238966,0.0016766644548624754,0,1,0.46496814489364624
nan,mid,combined,0,Amazon-ratings,nan,iterative_relation_frozen,0.0,nan,nan,nan,nan,nan,nan,0,1,nan
0.75,high,combined,6123,Amazon-ratings,0.011721544899046421,iterative_relation_frozen,1.0,0.18518517911434174,0.07065358012914658,0.8148148059844971,0.5249931216239929,-0.0026651646476238966,0.0016766644548624754,0,1,0.46496814489364624
0.7492238879203796,low,combined,1531,Amazon-ratings,0.4184892475605011,iterative_relation_frozen,0.25004082965866403,0.5,0.11005641520023346,0.5,0.5693529844284058,-0.11782491207122803,0.34002965688705444,0,2,0.40822991728782654
0.7493664026260376,mid,combined,3061,Amazon-ratings,-0.17545396089553833,iterative_relation_frozen,0.4999183406826719,0.4285714328289032,0.08700062334537506,0.5714285969734192,0.512260377407074,0.03949359804391861,-0.09462486952543259,0,2,0.4795818328857422
0.7495436072349548,high,combined,1531,Amazon-ratings,-0.05186143144965172,iterative_relation_frozen,0.25004082965866403,0.20000000298023224,-0.002268892014399171,0.800000011920929,0.5067089796066284,0.06466762721538544,-0.11806377023458481,0,2,0.5205748081207275
0.5,low,combined,6123,Amazon-ratings,0.016446534544229507,iterative_relation_frozen,1.0,0.5185185074806213,0.07047181576490402,0.48148149251937866,0.5273684859275818,-0.006983085069805384,0.013893578201532364,0,3,0.4484729766845703
nan,mid,combined,0,Amazon-ratings,nan,iterative_relation_frozen,0.0,nan,nan,nan,nan,nan,nan,0,3,nan
0.5,high,combined,6123,Amazon-ratings,0.016446534544229507,iterative_relation_frozen,1.0,0.5185185074806213,0.07047181576490402,0.48148149251937866,0.5273684859275818,-0.006983085069805384,0.013893578201532364,0,3,0.4484729766845703
0.9837163686752319,low,combined,1532,Amazon-ratings,-0.2997332811355591,iterative_relation_frozen,0.25020414829332027,0.27272728085517883,0.011771850287914276,0.7272727489471436,0.4900132715702057,0.0958593562245369,-0.20151720941066742,0,4,0.5032637119293213
0.9841271042823792,mid,combined,3060,Amazon-ratings,0.024645958095788956,iterative_relation_frozen,0.4997550220480157,0.27272728085517883,0.060001738369464874,0.7272727489471436,0.5770938396453857,-0.16635115444660187,0.03373221680521965,0,4,0.4490196108818054
0.984992265701294,high,combined,1531,Amazon-ratings,0.19442133605480194,iterative_relation_frozen,0.25004082965866403,0.0,0.14989908039569855,1.0,0.4681020975112915,0.18842096626758575,0.11547025293111801,0,4,0.441541463136673
0.75,low,combined,6123,Amazon-ratings,-0.004727243445813656,iterative_relation_frozen,1.0,0.5325342416763306,0.06397920101881027,0.46746575832366943,0.525343120098114,-0.00506720831617713,-0.0036082176957279444,0,5,0.4768904149532318
nan,mid,combined,0,Amazon-ratings,nan,iterative_relation_frozen,0.0,nan,nan,nan,nan,nan,nan,0,5,nan
0.75,high,combined,6123,Amazon-ratings,-0.004727243445813656,iterative_relation_frozen,1.0,0.5325342416763306,0.06397920101881027,0.46746575832366943,0.525343120098114,-0.00506720831617713,-0.0036082176957279444,0,5,0.4768904149532318
0.9985104203224182,low,combined,1531,Amazon-ratings,0.1028616726398468,iterative_relation_frozen,0.25004082965866403,0.13333334028720856,0.01301079336553812,0.8666666746139526,0.6174631118774414,-0.3416520059108734,0.07372361421585083,0,6,0.5160025954246521
0.9991651177406311,mid,combined,3061,Amazon-ratings,0.016798701137304306,iterative_relation_frozen,0.4999183406826719,0.4000000059604645,0.08477357774972916,0.6000000238418579,0.5783841609954834,-0.1139005646109581,0.08222837001085281,0,6,0.432211697101593
0.9994487166404724,high,combined,1531,Amazon-ratings,-0.16580894589424133,iterative_relation_frozen,0.25004082965866403,nan,0.09820263832807541,nan,0.33612439036369324,0.5551339387893677,-0.25071096420288086,0,6,0.48530372977256775
1.0,low,combined,6123,Amazon-ratings,0.009832475334405899,iterative_relation_frozen,1.0,0.3333333432674408,0.07032939046621323,0.6666666865348816,0.5263234972953796,0.00396599480882287,-0.0063969288021326065,0,7,0.4634982943534851
nan,mid,combined,0,Amazon-ratings,nan,iterative_relation_frozen,0.0,nan,nan,nan,nan,nan,nan,0,7,nan
1.0,high,combined,6123,Amazon-ratings,0.009832475334405899,iterative_relation_frozen,1.0,0.3333333432674408,0.07032939046621323,0.6666666865348816,0.5263234972953796,0.00396599480882287,-0.0063969288021326065,0,7,0.4634982943534851
0.7494962811470032,low,combined,1532,Amazon-ratings,0.4432174265384674,iterative_relation_frozen,0.25020414829332027,0.4000000059604645,0.004711240530014038,0.6000000238418579,0.5953885316848755,-0.16679437458515167,0.2961025834083557,0,8,0.5052219033241272
0.749718427658081,mid,combined,3060,Amazon-ratings,-0.15895052254199982,iterative_relation_frozen,0.4997550220480157,0.5150501728057861,0.047616779804229736,0.48494982719421387,0.5379049181938171,-0.0323999859392643,-0.050898369401693344,0,8,0.4320261478424072
0.7499664425849915,high,combined,1531,Amazon-ratings,-0.10134202986955643,iterative_relation_frozen,0.25004082965866403,0.6969696879386902,0.15529656410217285,0.3030303120613098,0.4271965026855469,0.3075834810733795,-0.17676466703414917,0,8,0.49967342615127563
0.7497381567955017,low,combined,1532,Amazon-ratings,0.3234933316707611,iterative_relation_frozen,0.25020414829332027,0.3333333432674408,-0.00040132104186341166,0.6666666865348816,0.6041857600212097,-0.2129954993724823,0.3268090784549713,0,9,0.5104438662528992
0.7499051690101624,mid,combined,3059,Amazon-ratings,-0.07376757264137268,iterative_relation_frozen,0.49959170341335946,0.5,0.05342903733253479,0.5,0.5297734141349792,-0.00914145540446043,-0.04353480041027069,0,9,0.43380188941955566
0.750065267086029,high,combined,1532,Amazon-ratings,-0.16863246262073517,iterative_relation_frozen,0.25020414829332027,nan,0.17419269680976868,nan,0.443672239780426,0.22426234185695648,-0.2564345598220825,0,9,0.45496082305908203
0.75,low,fixed,6123,Amazon-ratings,0.001702866400592029,iterative_relation_frozen,1.0,0.1818181872367859,0.07027772814035416,0.8181818127632141,0.5250644087791443,0.003907768987119198,0.004141633398830891,0,0,0.4775436818599701
nan,mid,fixed,0,Amazon-ratings,nan,iterative_relation_frozen,0.0,nan,nan,nan,nan,nan,nan,0,0,nan
0.75,high,fixed,6123,Amazon-ratings,0.001702866400592029,iterative_relation_frozen,1.0,0.1818181872367859,0.07027772814035416,0.8181818127632141,0.5250644087791443,0.003907768987119198,0.004141633398830891,0,0,0.4775436818599701
0.75,low,fixed,6123,Amazon-ratings,0.011721544899046421,iterative_relation_frozen,1.0,0.18518517911434174,0.07065358012914658,0.8148148059844971,0.5249931216239929,-0.0026651646476238966,0.0016766644548624754,0,1,0.46496814489364624
nan,mid,fixed,0,Amazon-ratings,nan,iterative_relation_frozen,0.0,nan,nan,nan,nan,nan,nan,0,1,nan
0.75,high,fixed,6123,Amazon-ratings,0.011721544899046421,iterative_relation_frozen,1.0,0.18518517911434174,0.07065358012914658,0.8148148059844971,0.5249931216239929,-0.0026651646476238966,0.0016766644548624754,0,1,0.46496814489364624
0.75,low,fixed,6123,Amazon-ratings,0.003959277179092169,iterative_relation_frozen,1.0,0.3214285671710968,0.0704444870352745,0.6785714030265808,0.5251477956771851,0.006452081725001335,0.008195827715098858,0,2,0.47084763646125793
nan,mid,fixed,0,Amazon-ratings,nan,iterative_relation_frozen,0.0,nan,nan,nan,nan,nan,nan,0,2,nan
0.75,high,fixed,6123,Amazon-ratings,0.003959277179092169,iterative_relation_frozen,1.0,0.3214285671710968,0.0704444870352745,0.6785714030265808,0.5251477956771851,0.006452081725001335,0.008195827715098858,0,2,0.47084763646125793
0.5,low,fixed,6123,Amazon-ratings,0.016446534544229507,iterative_relation_frozen,1.0,0.5185185074806213,0.07047181576490402,0.48148149251937866,0.5273684859275818,-0.006983085069805384,0.013893578201532364,0,3,0.4484729766845703
nan,mid,fixed,0,Amazon-ratings,nan,iterative_relation_frozen,0.0,nan,nan,nan,nan,nan,nan,0,3,nan
0.5,high,fixed,6123,Amazon-ratings,0.016446534544229507,iterative_relation_frozen,1.0,0.5185185074806213,0.07047181576490402,0.48148149251937866,0.5273684859275818,-0.006983085069805384,0.013893578201532364,0,3,0.4484729766845703
1.0,low,fixed,6123,Amazon-ratings,-0.014064298942685127,iterative_relation_frozen,1.0,0.2647058963775635,0.07041243463754654,0.7352941036224365,0.5280535221099854,-0.01203747745603323,-0.004690318834036589,0,4,0.4716642200946808
nan,mid,fixed,0,Amazon-ratings,nan,iterative_relation_frozen,0.0,nan,nan,nan,nan,nan,nan,0,4,nan
1.0,high,fixed,6123,Amazon-ratings,-0.014064298942685127,iterative_relation_frozen,1.0,0.2647058963775635,0.07041243463754654,0.7352941036224365,0.5280535221099854,-0.01203747745603323,-0.004690318834036589,0,4,0.4716642200946808
0.75,low,fixed,6123,Amazon-ratings,-0.004727243445813656,iterative_relation_frozen,1.0,0.5325342416763306,0.06397920101881027,0.46746575832366943,0.525343120098114,-0.00506720831617713,-0.0036082176957279444,0,5,0.4768904149532318
nan,mid,fixed,0,Amazon-ratings,nan,iterative_relation_frozen,0.0,nan,nan,nan,nan,nan,nan,0,5,nan
0.75,high,fixed,6123,Amazon-ratings,-0.004727243445813656,iterative_relation_frozen,1.0,0.5325342416763306,0.06397920101881027,0.46746575832366943,0.525343120098114,-0.00506720831617713,-0.0036082176957279444,0,5,0.4768904149532318
1.0,low,fixed,6123,Amazon-ratings,-0.007341407705098391,iterative_relation_frozen,1.0,0.20000000298023224,0.0701877623796463,0.800000011920929,0.527580738067627,-0.0035617712419480085,-0.0031465881038457155,0,6,0.46692797541618347
nan,mid,fixed,0,Amazon-ratings,nan,iterative_relation_frozen,0.0,nan,nan,nan,nan,nan,nan,0,6,nan
1.0,high,fixed,6123,Amazon-ratings,-0.007341407705098391,iterative_relation_frozen,1.0,0.20000000298023224,0.0701877623796463,0.800000011920929,0.527580738067627,-0.0035617712419480085,-0.0031465881038457155,0,6,0.46692797541618347
1.0,low,fixed,6123,Amazon-ratings,0.009832475334405899,iterative_relation_frozen,1.0,0.3333333432674408,0.07032939046621323,0.6666666865348816,0.5263234972953796,0.00396599480882287,-0.0063969288021326065,0,7,0.4634982943534851
nan,mid,fixed,0,Amazon-ratings,nan,iterative_relation_frozen,0.0,nan,nan,nan,nan,nan,nan,0,7,nan
1.0,high,fixed,6123,Amazon-ratings,0.009832475334405899,iterative_relation_frozen,1.0,0.3333333432674408,0.07032939046621323,0.6666666865348816,0.5263234972953796,0.00396599480882287,-0.0063969288021326065,0,7,0.4634982943534851
0.75,low,fixed,6123,Amazon-ratings,0.0061188661493361,iterative_relation_frozen,1.0,0.4990825653076172,0.06380598247051239,0.5009174346923828,0.5246058702468872,0.018983734771609306,0.004450994078069925,0,8,0.46594807505607605
nan,mid,fixed,0,Amazon-ratings,nan,iterative_relation_frozen,0.0,nan,nan,nan,nan,nan,nan,0,8,nan
0.75,high,fixed,6123,Amazon-ratings,0.0061188661493361,iterative_relation_frozen,1.0,0.4990825653076172,0.06380598247051239,0.5009174346923828,0.5246058702468872,0.018983734771609306,0.004450994078069925,0,8,0.46594807505607605
0.75,low,fixed,6123,Amazon-ratings,0.0018931688973680139,iterative_relation_frozen,1.0,0.3461538553237915,0.07017602771520615,0.6538461446762085,0.5268487930297852,-0.001747979549691081,-0.004141635727137327,0,9,0.457782119512558
nan,mid,fixed,0,Amazon-ratings,nan,iterative_relation_frozen,0.0,nan,nan,nan,nan,nan,nan,0,9,nan
0.75,high,fixed,6123,Amazon-ratings,0.0018931688973680139,iterative_relation_frozen,1.0,0.3461538553237915,0.07017602771520615,0.6538461446762085,0.5268487930297852,-0.001747979549691081,-0.004141635727137327,0,9,0.457782119512558
0.7487751245498657,low,reliability_only,1532,Amazon-ratings,0.729768693447113,iterative_relation_frozen,0.25020414829332027,0.2222222238779068,0.012279500253498554,0.7777777910232544,0.5504670739173889,0.011479724198579788,0.42019179463386536,0,0,0.4921671152114868
0.7489567399024963,mid,reliability_only,3060,Amazon-ratings,-0.21450981497764587,iterative_relation_frozen,0.4997550220480157,0.1538461595773697,0.05757339671254158,0.8461538553237915,0.5359013676643372,-0.04875228926539421,-0.07759903371334076,0,0,0.47418299317359924
0.7491861581802368,high,reliability_only,1531,Amazon-ratings,-0.29469552636146545,iterative_relation_frozen,0.25004082965866403,nan,0.153705894947052,nan,0.4779854118824005,0.10158219188451767,-0.24880573153495789,0,0,0.4663618505001068
0.75,low,reliability_only,6123,Amazon-ratings,0.011721544899046421,iterative_relation_frozen,1.0,0.18518517911434174,0.07065358012914658,0.8148148059844971,0.5249931216239929,-0.0026651646476238966,0.0016766644548624754,0,1,0.46496814489364624
nan,mid,reliability_only,0,Amazon-ratings,nan,iterative_relation_frozen,0.0,nan,nan,nan,nan,nan,nan,0,1,nan
0.75,high,reliability_only,6123,Amazon-ratings,0.011721544899046421,iterative_relation_frozen,1.0,0.18518517911434174,0.07065358012914658,0.8148148059844971,0.5249931216239929,-0.0026651646476238966,0.0016766644548624754,0,1,0.46496814489364624
0.7495450377464294,low,reliability_only,1532,Amazon-ratings,0.5400891304016113,iterative_relation_frozen,0.25020414829332027,0.3333333432674408,0.10885332524776459,0.6666666865348816,0.5045363903045654,0.14835061132907867,0.32816991209983826,0,2,0.4223237633705139
0.74965500831604,mid,reliability_only,3060,Amazon-ratings,-0.17485034465789795,iterative_relation_frozen,0.4997550220480157,0.5,0.08655451983213425,0.5,0.5289077758789062,-0.021556081250309944,-0.06296361982822418,0,2,0.4673202633857727
0.749774694442749,high,reliability_only,1531,Amazon-ratings,-0.17513507604599,iterative_relation_frozen,0.25004082965866403,0.20000000298023224,-0.00018844411533791572,0.800000011920929,0.5382575988769531,-0.07955938577651978,-0.1697613000869751,0,2,0.5382103323936462
0.5,low,reliability_only,6123,Amazon-ratings,0.016446534544229507,iterative_relation_frozen,1.0,0.5185185074806213,0.07047181576490402,0.48148149251937866,0.5273684859275818,-0.006983085069805384,0.013893578201532364,0,3,0.4484729766845703
nan,mid,reliability_only,0,Amazon-ratings,nan,iterative_relation_frozen,0.0,nan,nan,nan,nan,nan,nan,0,3,nan
0.5,high,reliability_only,6123,Amazon-ratings,0.016446534544229507,iterative_relation_frozen,1.0,0.5185185074806213,0.07047181576490402,0.48148149251937866,0.5273684859275818,-0.006983085069805384,0.013893578201532364,0,3,0.4484729766845703
0.9811838865280151,low,reliability_only,1532,Amazon-ratings,-0.40312328934669495,iterative_relation_frozen,0.25020414829332027,0.23529411852359772,0.0016538524068892002,0.7647058963775635,0.551376223564148,-0.18804335594177246,-0.039784353226423264,0,4,0.4934725761413574
0.9816945791244507,mid,reliability_only,3060,Amazon-ratings,-0.05142616480588913,iterative_relation_frozen,0.4997550220480157,0.3125,0.07426338642835617,0.6875,0.5565818548202515,-0.10554201155900955,-0.09653554856777191,0,4,0.45980390906333923
0.9824442267417908,high,reliability_only,1531,Amazon-ratings,0.4499238133430481,iterative_relation_frozen,0.25004082965866403,0.0,0.13151903450489044,1.0,0.4476962089538574,0.3509702980518341,0.21399709582328796,0,4,0.4454604685306549
0.75,low,reliability_only,6123,Amazon-ratings,-0.004727243445813656,iterative_relation_frozen,1.0,0.5325342416763306,0.06397920101881027,0.46746575832366943,0.525343120098114,-0.00506720831617713,-0.0036082176957279444,0,5,0.4768904149532318
nan,mid,reliability_only,0,Amazon-ratings,nan,iterative_relation_frozen,0.0,nan,nan,nan,nan,nan,nan,0,5,nan
0.75,high,reliability_only,6123,Amazon-ratings,-0.004727243445813656,iterative_relation_frozen,1.0,0.5325342416763306,0.06397920101881027,0.46746575832366943,0.525343120098114,-0.00506720831617713,-0.0036082176957279444,0,5,0.4768904149532318
1.0,low,reliability_only,6123,Amazon-ratings,-0.007341407705098391,iterative_relation_frozen,1.0,0.20000000298023224,0.0701877623796463,0.800000011920929,0.527580738067627,-0.0035617712419480085,-0.0031465881038457155,0,6,0.46692797541618347
nan,mid,reliability_only,0,Amazon-ratings,nan,iterative_relation_frozen,0.0,nan,nan,nan,nan,nan,nan,0,6,nan
1.0,high,reliability_only,6123,Amazon-ratings,-0.007341407705098391,iterative_relation_frozen,1.0,0.20000000298023224,0.0701877623796463,0.800000011920929,0.527580738067627,-0.0035617712419480085,-0.0031465881038457155,0,6,0.46692797541618347
1.0,low,reliability_only,6123,Amazon-ratings,0.009832475334405899,iterative_relation_frozen,1.0,0.3333333432674408,0.07032939046621323,0.6666666865348816,0.5263234972953796,0.00396599480882287,-0.0063969288021326065,0,7,0.4634982943534851
nan,mid,reliability_only,0,Amazon-ratings,nan,iterative_relation_frozen,0.0,nan,nan,nan,nan,nan,nan,0,7,nan
1.0,high,reliability_only,6123,Amazon-ratings,0.009832475334405899,iterative_relation_frozen,1.0,0.3333333432674408,0.07032939046621323,0.6666666865348816,0.5263234972953796,0.00396599480882287,-0.0063969288021326065,0,7,0.4634982943534851
0.7485901117324829,low,reliability_only,1531,Amazon-ratings,0.3234897553920746,iterative_relation_frozen,0.25004082965866403,0.3659793734550476,0.009383399039506912,0.6340206265449524,0.6065294146537781,-0.23641549050807953,0.29762738943099976,0,8,0.49118223786354065
0.7490488290786743,mid,reliability_only,3061,Amazon-ratings,-0.15271393954753876,iterative_relation_frozen,0.4999183406826719,0.5387324094772339,0.0485725998878479,0.4612676203250885,0.5309433937072754,0.006368815898895264,-0.08639208227396011,0,8,0.43711206316947937
0.7495104670524597,high,reliability_only,1531,Amazon-ratings,0.006309786345809698,iterative_relation_frozen,0.25004082965866403,0.7164179086685181,0.14868538081645966,0.28358209133148193,0.43001142144203186,0.2996045649051666,-0.1070985421538353,0,8,0.48791638016700745
0.7496428489685059,low,reliability_only,1532,Amazon-ratings,0.2806743383407593,iterative_relation_frozen,0.25020414829332027,0.3478260934352875,0.0005311176646500826,0.6521739363670349,0.5934562087059021,-0.1685982048511505,0.30445244908332825,0,9,0.5084856152534485
0.7498119473457336,mid,reliability_only,3059,Amazon-ratings,-0.08080608397722244,iterative_relation_frozen,0.49959170341335946,0.3333333432674408,0.05529486760497093,0.6666666865348816,0.5313898324966431,-0.012818836607038975,-0.0465066134929657,0,9,0.4354364275932312
0.7499605417251587,high,reliability_only,1532,Amazon-ratings,-0.11175937205553055,iterative_relation_frozen,0.25020414829332027,nan,0.16953468322753906,nan,0.4511743187904358,0.18720783293247223,-0.22814399003982544,0,9,0.45234987139701843
0.7761907577514648,low,combined,1417,Roman-empire,-0.3372791111469269,iterative_relation_finetune,0.2500882456759619,0.8476190567016602,-0.9091601371765137,0.15238095819950104,0.15519806742668152,-0.035774558782577515,0.2583443224430084,0,0,0.837685227394104
0.7839546799659729,mid,combined,2832,Roman-empire,0.258878231048584,iterative_relation_finetune,0.49982350864807623,0.8485523462295532,-1.008541226387024,0.15144766867160797,0.22086694836616516,0.15280236303806305,0.043404895812273026,0,0,0.8188559412956238
0.7891619801521301,high,combined,1417,Roman-empire,-0.14863575994968414,iterative_relation_finetune,0.2500882456759619,0.8683068156242371,-1.2605777978897095,0.13169319927692413,0.25925636291503906,-0.27320533990859985,-0.33442142605781555,0,0,0.874382495880127
0.9766940474510193,low,combined,1417,Roman-empire,-0.8437069058418274,iterative_relation_finetune,0.2500882456759619,0.9621903300285339,-1.5090926885604858,0.037809647619724274,0.25661176443099976,-0.5428519248962402,-0.25117355585098267,0,1,0.9393084049224854
0.98443204164505,mid,combined,2832,Roman-empire,0.09513350576162338,iterative_relation_finetune,0.49982350864807623,0.8322834372520447,-1.0141152143478394,0.16771653294563293,0.20680411159992218,0.018809812143445015,0.016200406476855278,0,1,0.8449859023094177
0.9885201454162598,high,combined,1417,Roman-empire,0.6325539946556091,iterative_relation_finetune,0.2500882456759619,0.7549467086791992,-0.7130282521247864,0.2450532764196396,0.18561895191669464,0.46327224373817444,0.21062947809696198,0,1,0.7769936323165894
0.7745875716209412,low,combined,1417,Roman-empire,-0.007484436500817537,iterative_relation_finetune,0.2500882456759619,0.8544601202011108,-1.033846139907837,0.14553990960121155,0.19816142320632935,-0.006339146755635738,0.15531256794929504,0,2,0.8313338160514832
0.7797550559043884,mid,combined,2832,Roman-empire,0.17397232353687286,iterative_relation_finetune,0.49982350864807623,0.8506543636322021,-0.9928314089775085,0.14934565126895905,0.22264431416988373,0.20209334790706635,0.07657835632562637,0,2,0.8333333134651184
0.7830749154090881,high,combined,1417,Roman-empire,-0.3123929798603058,iterative_relation_finetune,0.2500882456759619,0.8902627229690552,-1.192307710647583,0.10973724722862244,0.21453818678855896,-0.3753206431865692,-0.27274104952812195,0,2,0.8736767768859863
0.781973659992218,low,combined,1417,Roman-empire,-0.15781079232692719,iterative_relation_finetune,0.2500882456759619,0.8976607918739319,-1.2229113578796387,0.10233917832374573,0.17271021008491516,-0.10107768326997757,-0.13913048803806305,0,3,0.848976731300354
0.7858114242553711,mid,combined,2832,Roman-empire,-0.060896001756191254,iterative_relation_finetune,0.49982350864807623,0.8773584961891174,-1.0417383909225464,0.12264151126146317,0.21199151873588562,-0.05056142061948776,-0.06441809982061386,0,3,0.8326271176338196
0.7889336347579956,high,combined,1417,Roman-empire,0.23286962509155273,iterative_relation_finetune,0.2500882456759619,0.7931571006774902,-0.8665283918380737,0.20684292912483215,0.2624128460884094,0.20156435668468475,0.259163498878479,0,3,0.8440366983413696
0.5389289855957031,low,combined,1417,Roman-empire,-0.7127631306648254,iterative_relation_finetune,0.2500882456759619,0.8906009197235107,-1.106025218963623,0.10939907282590866,0.17020229995250702,-0.33671578764915466,0.018571196123957634,0,4,0.8630910515785217
0.5439367890357971,mid,combined,2832,Roman-empire,-0.001077674562111497,iterative_relation_finetune,0.49982350864807623,0.866470992565155,-1.0794405937194824,0.13352897763252258,0.2184123396873474,-0.027947554364800453,-0.02492702566087246,0,4,0.8566384315490723
0.5474781394004822,high,combined,1417,Roman-empire,0.7160419225692749,iterative_relation_finetune,0.2500882456759619,0.766339898109436,-0.733635663986206,0.23366013169288635,0.24906542897224426,0.4051571488380432,-0.0015930733643472195,0,4,0.7847565412521362
0.7785907983779907,low,combined,1417,Roman-empire,-0.5594485402107239,iterative_relation_finetune,0.2500882456759619,0.9215116500854492,-1.2554068565368652,0.07848837226629257,0.17949756979942322,-0.32428115606307983,-0.08016353100538254,0,5,0.8913196921348572
0.7871416807174683,mid,combined,2832,Roman-empire,0.0012285648845136166,iterative_relation_finetune,0.49982350864807623,0.8922535181045532,-1.1525731086730957,0.10774648189544678,0.21443504095077515,0.024644149467349052,0.0190776064991951,0,5,0.862994372844696
0.7901247143745422,high,combined,1417,Roman-empire,0.6138368248939514,iterative_relation_finetune,0.2500882456759619,0.7130434513092041,-0.7332181334495544,0.2869565188884735,0.24830803275108337,0.29344525933265686,0.044157400727272034,0,5,0.7861679792404175
0.7827365398406982,low,combined,1417,Roman-empire,-0.7497830986976624,iterative_relation_finetune,0.2500882456759619,0.8978978991508484,-1.1755932569503784,0.10210210084915161,0.17143285274505615,-0.32031598687171936,-0.07478974014520645,0,6,0.8609738945960999
0.7883818745613098,mid,combined,2832,Roman-empire,0.21911726891994476,iterative_relation_finetune,0.49982350864807623,0.853374719619751,-0.9669159054756165,0.14662529528141022,0.2102949023246765,0.07881022244691849,-0.005824416410177946,0,6,0.8280367255210876
0.7925344705581665,high,combined,1417,Roman-empire,0.34731942415237427,iterative_relation_finetune,0.2500882456759619,0.7952314019203186,-0.9202021956443787,0.2047685831785202,0.26380011439323425,0.1637534201145172,0.0849929228425026,0,6,0.8680310249328613
0.7813726663589478,low,combined,1417,Roman-empire,0.35957348346710205,iterative_relation_finetune,0.2500882456759619,0.860927164554596,-1.1038397550582886,0.13907285034656525,0.17364375293254852,0.20048457384109497,-0.16315242648124695,0,7,0.7918136715888977
0.7857900261878967,mid,combined,2832,Roman-empire,0.01609876938164234,iterative_relation_finetune,0.49982350864807623,0.8382812738418579,-0.9682433605194092,0.16171875596046448,0.1996707320213318,0.002394766081124544,0.05241214483976364,0,7,0.8361582159996033
0.7882142066955566,high,combined,1417,Roman-empire,-0.42406484484672546,iterative_relation_finetune,0.2500882456759619,0.8862019777297974,-1.1970051527023315,0.11379800736904144,0.28185737133026123,-0.21438495814800262,0.047953419387340546,0,7,0.8983768820762634
0.7781545519828796,low,combined,1417,Roman-empire,-0.4752553403377533,iterative_relation_finetune,0.2500882456759619,0.8753846287727356,-1.1113171577453613,0.1246153861284256,0.16195009648799896,-0.16926805675029755,-0.0819888487458229,0,8,0.8151023387908936
0.7860426306724548,mid,combined,2832,Roman-empire,-0.010717914439737797,iterative_relation_finetune,0.49982350864807623,0.8630549311637878,-1.0658694505691528,0.13694506883621216,0.21488706767559052,0.009148798882961273,-0.02080717869102955,0,8,0.8439265489578247
0.7905541062355042,high,combined,1417,Roman-empire,0.4514245092868805,iterative_relation_finetune,0.2500882456759619,0.8176382780075073,-0.9896752834320068,0.18236173689365387,0.27055707573890686,0.13686037063598633,0.08896959573030472,0,8,0.8517995476722717
0.9806123375892639,low,combined,1417,Roman-empire,-0.8222981691360474,iterative_relation_finetune,0.2500882456759619,0.9578543901443481,-1.5605558156967163,0.04214559495449066,0.24583224952220917,-0.4748200476169586,-0.2345295250415802,0,9,0.9287226796150208
0.9846808910369873,mid,combined,2832,Roman-empire,-0.04261595010757446,iterative_relation_finetune,0.49982350864807623,0.8271999955177307,-0.9477214813232422,0.1728000044822693,0.2082948386669159,-0.022176021710038185,0.024951567873358727,0,9,0.8562853336334229
0.9879570603370667,high,combined,1417,Roman-empire,0.9082874655723572,iterative_relation_finetune,0.2500882456759619,0.7432432174682617,-0.6355962753295898,0.2567567527294159,0.19551190733909607,0.5430092811584473,0.20783016085624695,0,9,0.7494707107543945
0.75,low,fixed,5666,Roman-empire,0.007871834561228752,iterative_relation_finetune,1.0,0.8534482717514038,-1.0467185974121094,0.1465517282485962,0.2140446901321411,-0.0008980259299278259,0.002668794710189104,0,0,0.809036374092102
nan,mid,fixed,0,Roman-empire,nan,iterative_relation_finetune,0.0,nan,nan,nan,nan,nan,nan,0,0,nan
0.75,high,fixed,5666,Roman-empire,0.007871834561228752,iterative_relation_finetune,1.0,0.8534482717514038,-1.0467185974121094,0.1465517282485962,0.2140446901321411,-0.0008980259299278259,0.002668794710189104,0,0,0.809036374092102
1.0,low,fixed,5666,Roman-empire,-0.00525692431256175,iterative_relation_finetune,1.0,0.8504083156585693,-1.0626049041748047,0.14959168434143066,0.21396225690841675,-0.010500344447791576,-0.002042252104729414,0,1,0.8240381479263306
nan,mid,fixed,0,Roman-empire,nan,iterative_relation_finetune,0.0,nan,nan,nan,nan,nan,nan,0,1,nan
1.0,high,fixed,5666,Roman-empire,-0.00525692431256175,iterative_relation_finetune,1.0,0.8504083156585693,-1.0626049041748047,0.14959168434143066,0.21396225690841675,-0.010500344447791576,-0.002042252104729414,0,1,0.8240381479263306
0.75,low,fixed,5666,Roman-empire,0.006957876030355692,iterative_relation_finetune,1.0,0.8615087270736694,-1.0529752969741821,0.13849130272865295,0.21449416875839233,0.005562381818890572,0.008908181451261044,0,2,0.8155665397644043
nan,mid,fixed,0,Roman-empire,nan,iterative_relation_finetune,0.0,nan,nan,nan,nan,nan,nan,0,2,nan
0.75,high,fixed,5666,Roman-empire,0.006957876030355692,iterative_relation_finetune,1.0,0.8615087270736694,-1.0529752969741821,0.13849130272865295,0.21449416875839233,0.005562381818890572,0.008908181451261044,0,2,0.8155665397644043
0.75,low,fixed,5666,Roman-empire,-0.011665921658277512,iterative_relation_finetune,1.0,0.8618699312210083,-1.0432296991348267,0.1381300538778305,0.21477752923965454,-0.00014124852896202356,-0.0021788342855870724,0,3,0.821037769317627
nan,mid,fixed,0,Roman-empire,nan,iterative_relation_finetune,0.0,nan,nan,nan,nan,nan,nan,0,3,nan
0.75,high,fixed,5666,Roman-empire,-0.011665921658277512,iterative_relation_finetune,1.0,0.8618699312210083,-1.0432296991348267,0.1381300538778305,0.21477752923965454,-0.00014124852896202356,-0.0021788342855870724,0,3,0.821037769317627
0.5,low,fixed,5666,Roman-empire,0.00028133258456364274,iterative_relation_finetune,1.0,0.8490853905677795,-0.9996074438095093,0.15091463923454285,0.21402154862880707,0.0031475196592509747,-0.008213086985051632,0,4,0.8148605823516846
nan,mid,fixed,0,Roman-empire,nan,iterative_relation_finetune,0.0,nan,nan,nan,nan,nan,nan,0,4,nan
0.5,high,fixed,5666,Roman-empire,0.00028133258456364274,iterative_relation_finetune,1.0,0.8490853905677795,-0.9996074438095093,0.15091463923454285,0.21402154862880707,0.0031475196592509747,-0.008213086985051632,0,4,0.8148605823516846
0.75,low,fixed,5666,Roman-empire,0.01421592477709055,iterative_relation_finetune,1.0,0.8613492250442505,-1.073414921760559,0.13865076005458832,0.21416883170604706,0.004606029950082302,0.0005307271494530141,0,5,0.8400988578796387
nan,mid,fixed,0,Roman-empire,nan,iterative_relation_finetune,0.0,nan,nan,nan,nan,nan,nan,0,5,nan
0.75,high,fixed,5666,Roman-empire,0.01421592477709055,iterative_relation_finetune,1.0,0.8613492250442505,-1.073414921760559,0.13865076005458832,0.21416883170604706,0.004606029950082302,0.0005307271494530141,0,5,0.8400988578796387
0.75,low,fixed,5666,Roman-empire,0.008868520148098469,iterative_relation_finetune,1.0,0.8489505052566528,-1.0074211359024048,0.15104947984218597,0.21395698189735413,0.00023674215481150895,-0.0003594884183257818,0,6,0.8265089988708496
nan,mid,fixed,0,Roman-empire,nan,iterative_relation_finetune,0.0,nan,nan,nan,nan,nan,nan,0,6,nan
0.75,high,fixed,5666,Roman-empire,0.008868520148098469,iterative_relation_finetune,1.0,0.8489505052566528,-1.0074211359024048,0.15104947984218597,0.21395698189735413,0.00023674215481150895,-0.0003594884183257818,0,6,0.8265089988708496
0.75,low,fixed,5666,Roman-empire,-0.008081993088126183,iterative_relation_finetune,1.0,0.8565906286239624,-1.0593650341033936,0.1434093564748764,0.21371562778949738,-0.0022793635725975037,-0.0026130941696465015,0,7,0.8259795308113098
nan,mid,fixed,0,Roman-empire,nan,iterative_relation_finetune,0.0,nan,nan,nan,nan,nan,nan,0,7,nan
0.75,high,fixed,5666,Roman-empire,-0.008081993088126183,iterative_relation_finetune,1.0,0.8565906286239624,-1.0593650341033936,0.1434093564748764,0.21371562778949738,-0.0022793635725975037,-0.0026130941696465015,0,7,0.8259795308113098
0.75,low,fixed,5666,Roman-empire,-0.011316871270537376,iterative_relation_finetune,1.0,0.8546072244644165,-1.0581799745559692,0.1453927457332611,0.2155705690383911,-0.003531995229423046,-0.008654117584228516,0,8,0.8226261734962463
nan,mid,fixed,0,Roman-empire,nan,iterative_relation_finetune,0.0,nan,nan,nan,nan,nan,nan,0,8,nan
0.75,high,fixed,5666,Roman-empire,-0.011316871270537376,iterative_relation_finetune,1.0,0.8546072244644165,-1.0581799745559692,0.1453927457332611,0.2155705690383911,-0.003531995229423046,-0.008654117584228516,0,8,0.8226261734962463
1.0,low,fixed,5666,Roman-empire,0.00020443943503778428,iterative_relation_finetune,1.0,0.8472381234169006,-1.0229252576828003,0.15276190638542175,0.21448564529418945,0.005969229154288769,0.0057941824197769165,0,9,0.8095658421516418
nan,mid,fixed,0,Roman-empire,nan,iterative_relation_finetune,0.0,nan,nan,nan,nan,nan,nan,0,9,nan
1.0,high,fixed,5666,Roman-empire,0.00020443943503778428,iterative_relation_finetune,1.0,0.8472381234169006,-1.0229252576828003,0.15276190638542175,0.21448564529418945,0.005969229154288769,0.0057941824197769165,0,9,0.8095658421516418
0.7710189819335938,low,reliability_only,1417,Roman-empire,-0.30354630947113037,iterative_relation_finetune,0.2500882456759619,0.8470394611358643,-0.9076581597328186,0.15296052396297455,0.1448967009782791,-0.04878930374979973,0.23147906363010406,0,0,0.8369795083999634
0.7827627658843994,mid,reliability_only,2832,Roman-empire,0.3190765082836151,iterative_relation_finetune,0.49982350864807623,0.8384503126144409,-0.9970551133155823,0.16154970228672028,0.21797272562980652,0.2244194597005844,0.06599532812833786,0,0,0.8252118825912476
0.7882381677627563,high,reliability_only,1417,Roman-empire,-0.30268019437789917,iterative_relation_finetune,0.2500882456759619,0.8887283205986023,-1.2850358486175537,0.1112716794013977,0.27534204721450806,-0.4033236801624298,-0.3527051508426666,0,0,0.8701481819152832
0.9768822193145752,low,reliability_only,1417,Roman-empire,-0.8649235367774963,iterative_relation_finetune,0.2500882456759619,0.9525592923164368,-1.5665959119796753,0.047440700232982635,0.24611838161945343,-0.5453959107398987,-0.26176226139068604,0,1,0.9350740909576416
0.9832255244255066,mid,reliability_only,2832,Roman-empire,0.06934614479541779,iterative_relation_finetune,0.49982350864807623,0.7985074520111084,-0.8904679417610168,0.2014925330877304,0.20599108934402466,0.041012607514858246,0.010051400400698185,0,1,0.8294491767883301
0.987489640712738,high,reliability_only,1417,Roman-empire,0.7053089737892151,iterative_relation_finetune,0.2500882456759619,0.8224163055419922,-0.9026448130607605,0.1775836944580078,0.19773727655410767,0.4214419722557068,0.23350751399993896,0,1,0.8193366527557373
0.7729266285896301,low,reliability_only,1417,Roman-empire,0.16864421963691711,iterative_relation_finetune,0.2500882456759619,0.8213716149330139,-0.9890407919883728,0.17862838506698608,0.19157202541828156,0.29970207810401917,0.03201641887426376,0,2,0.8200423717498779
0.7779901623725891,mid,reliability_only,2832,Roman-empire,0.21702149510383606,iterative_relation_finetune,0.49982350864807623,0.8562548756599426,-0.9645228981971741,0.14374513924121857,0.21331286430358887,0.1526860147714615,0.1707962602376938,0,2,0.8358050584793091
0.7825237512588501,high,reliability_only,1417,Roman-empire,-0.574559211730957,iterative_relation_finetune,0.2500882456759619,0.9090909361839294,-1.2936899662017822,0.09090909361839294,0.23977728188037872,-0.582616925239563,-0.337747722864151,0,2,0.8835567831993103
0.780214250087738,low,reliability_only,1417,Roman-empire,-0.24825555086135864,iterative_relation_finetune,0.2500882456759619,0.8847402334213257,-1.0641883611679077,0.11525973677635193,0.15501610934734344,0.01986638270318508,-0.09840231388807297,0,3,0.817925214767456
0.7842186689376831,mid,reliability_only,2832,Roman-empire,0.009479601867496967,iterative_relation_finetune,0.49982350864807623,0.8547271490097046,-1.064687728881836,0.1452728658914566,0.22752444446086884,-0.036103181540966034,-0.11296091228723526,0,3,0.8382768630981445
0.7874241471290588,high,reliability_only,1417,Roman-empire,0.1826625019311905,iterative_relation_finetune,0.2500882456759619,0.8548387289047241,-0.9793849587440491,0.14516128599643707,0.24906304478645325,0.05172422155737877,0.3154524266719818,0,3,0.8694424629211426
0.5371683239936829,low,reliability_only,1417,Roman-empire,-0.6019154191017151,iterative_relation_finetune,0.2500882456759619,0.8873873949050903,-1.0624737739562988,0.11261261254549026,0.17506705224514008,-0.14737047255039215,0.010895077139139175,0,4,0.8539167046546936
0.5416763424873352,mid,reliability_only,2832,Roman-empire,-0.1693933755159378,iterative_relation_finetune,0.49982350864807623,0.8749096393585205,-1.133674144744873,0.12509039044380188,0.2223329097032547,-0.13145755231380463,-0.12275884300470352,0,4,0.8654661178588867
0.5451374650001526,high,reliability_only,1417,Roman-empire,0.9415880441665649,iterative_relation_finetune,0.2500882456759619,0.7426086664199829,-0.6687968373298645,0.2573913037776947,0.23636507987976074,0.4226856529712677,0.2016085684299469,0,4,0.7840508222579956
0.7760687470436096,low,reliability_only,1417,Roman-empire,-0.7406648397445679,iterative_relation_finetune,0.2500882456759619,0.901664137840271,-1.1311120986938477,0.09833585470914841,0.1682605743408203,-0.2768417298793793,-0.012350260280072689,0,5,0.8652082085609436
0.7837895154953003,mid,reliability_only,2832,Roman-empire,-0.17931006848812103,iterative_relation_finetune,0.49982350864807623,0.8977035284042358,-1.2325448989868164,0.10229644924402237,0.22789131104946136,-0.12140460312366486,-0.08087895065546036,0,5,0.8884180784225464
0.7870398759841919,high,reliability_only,1417,Roman-empire,1.155875563621521,iterative_relation_finetune,0.2500882456759619,0.7264957427978516,-0.6976823806762695,0.2735042870044708,0.2326514720916748,0.5378971695899963,0.17611615359783173,0,5,0.7635850310325623
0.7761274576187134,low,reliability_only,1417,Roman-empire,-0.5586953163146973,iterative_relation_finetune,0.2500882456759619,0.8664596080780029,-0.9986848831176758,0.13354037702083588,0.17266187071800232,-0.04015347734093666,0.13548529148101807,0,6,0.8602681756019592
0.7835115790367126,mid,reliability_only,2832,Roman-empire,0.15379738807678223,iterative_relation_finetune,0.49982350864807623,0.8505035042762756,-0.9924345016479492,0.14949651062488556,0.20409134030342102,0.03609011694788933,-0.057165324687957764,0,6,0.825564980506897
0.7886252999305725,high,reliability_only,1417,Roman-empire,0.28677916526794434,iterative_relation_finetune,0.2500882456759619,0.8308321833610535,-1.0461094379425049,0.16916780173778534,0.27496951818466187,-0.03102918341755867,-0.02267279662191868,0,6,0.868736743927002
0.7788275480270386,low,reliability_only,1417,Roman-empire,0.21783089637756348,iterative_relation_finetune,0.2500882456759619,0.8195876479148865,-0.8177527189254761,0.18041236698627472,0.14922448992729187,0.40356552600860596,0.19071480631828308,0,7,0.7974594235420227
0.7823289036750793,mid,reliability_only,2832,Roman-empire,0.19461046159267426,iterative_relation_finetune,0.49982350864807623,0.8424710631370544,-1.0293222665786743,0.15752895176410675,0.21055792272090912,0.07425881177186966,0.0721127986907959,0,7,0.8350988626480103
0.785947322845459,high,reliability_only,1417,Roman-empire,-0.6390936374664307,iterative_relation_finetune,0.2500882456759619,0.9126760363578796,-1.361020803451538,0.08732394129037857,0.2845176160335541,-0.5610925555229187,-0.3452873229980469,0,7,0.8948482871055603
0.771735429763794,low,reliability_only,1417,Roman-empire,-0.6808245778083801,iterative_relation_finetune,0.2500882456759619,0.8834645748138428,-1.0662750005722046,0.11653543263673782,0.16102373600006104,-0.19772712886333466,0.0015546489739790559,0,8,0.8517995476722717
0.7805545330047607,mid,reliability_only,2832,Roman-empire,-0.06685132533311844,iterative_relation_finetune,0.49982350864807623,0.8689249157905579,-1.1258411407470703,0.13107511401176453,0.21945539116859436,-0.01767544262111187,-0.11514893174171448,0,8,0.8411017060279846
0.7847411036491394,high,reliability_only,1417,Roman-empire,0.7691814303398132,iterative_relation_finetune,0.2500882456759619,0.7969465851783752,-0.9148584008216858,0.20305342972278595,0.2623533010482788,0.21893006563186646,0.19397644698619843,0,8,0.8151023387908936
0.9790605306625366,low,reliability_only,1417,Roman-empire,-0.9246760010719299,iterative_relation_finetune,0.2500882456759619,0.9448717832565308,-1.4434926509857178,0.05512820556759834,0.2249298244714737,-0.5749604105949402,-0.28332725167274475,0,9,0.9011996984481812
0.984097957611084,mid,reliability_only,2832,Roman-empire,-0.02237575501203537,iterative_relation_finetune,0.49982350864807623,0.8094059228897095,-0.9269179105758667,0.19059406220912933,0.2072259932756424,0.011891862377524376,0.058036401867866516,0,9,0.8513417840003967
0.9873971343040466,high,reliability_only,1417,Roman-empire,0.9702135324478149,iterative_relation_finetune,0.2500882456759619,0.7993680834770203,-0.7942373752593994,0.20063191652297974,0.21855053305625916,0.5750618577003479,0.19050489366054535,0,9,0.78899085521698
0.7729019522666931,low,combined,1417,Roman-empire,-0.7383378744125366,iterative_relation_frozen,0.2500882456759619,0.8776077628135681,-1.1150290966033936,0.1223922148346901,0.2015717625617981,-0.4178641140460968,-0.02928713522851467,0,0,0.8525052666664124
0.7826032638549805,mid,combined,2832,Roman-empire,0.013751646503806114,iterative_relation_frozen,0.49982350864807623,0.8435797691345215,-1.0029520988464355,0.15642023086547852,0.21933138370513916,0.03431307524442673,-0.0016087896656244993,0,0,0.8262711763381958
0.7891599535942078,high,combined,1417,Roman-empire,0.7423302531242371,iterative_relation_frozen,0.2500882456759619,0.8463855385780334,-1.0658791065216064,0.15361446142196655,0.215951606631279,0.34569552540779114,0.043173857033252716,0,0,0.7882851362228394
0.9661152958869934,low,combined,1417,Roman-empire,-0.11631672829389572,iterative_relation_frozen,0.2500882456759619,0.9028985500335693,-1.2231783866882324,0.09710144996643066,0.21422185003757477,-0.20729804039001465,-0.13099932670593262,0,1,0.8673253059387207
0.9724211692810059,mid,combined,2832,Roman-empire,0.02562813274562359,iterative_relation_frozen,0.49982350864807623,0.829305112361908,-1.0276395082473755,0.17069485783576965,0.21427594125270844,0.04717233031988144,-0.0034859618172049522,0,1,0.8290960192680359
0.9778172969818115,high,combined,1417,Roman-empire,0.0440763384103775,iterative_relation_frozen,0.2500882456759619,0.8382353186607361,-0.9719129800796509,0.1617647111415863,0.21307575702667236,0.07103341817855835,0.1298002153635025,0,1,0.8256880640983582
0.7621098756790161,low,combined,1417,Roman-empire,-0.42271143198013306,iterative_relation_frozen,0.2500882456759619,0.8494453430175781,-1.1252771615982056,0.15055467188358307,0.24443478882312775,-0.13942839205265045,-0.008014971390366554,0,2,0.8461538553237915
0.7665445804595947,mid,combined,2832,Roman-empire,-0.19547750055789948,iterative_relation_frozen,0.49982350864807623,0.8687644004821777,-1.0662606954574585,0.13123561441898346,0.2063988894224167,-0.09915861487388611,-0.005753199104219675,0,2,0.8375706076622009
0.7711585760116577,high,combined,1417,Roman-empire,0.841212272644043,iterative_relation_frozen,0.2500882456759619,0.858678936958313,-0.9541216492652893,0.14132104814052582,0.20073269307613373,0.35984736680984497,0.0551334023475647,0,2,0.7875794172286987
0.7647094130516052,low,combined,1417,Roman-empire,-0.4420870840549469,iterative_relation_frozen,0.2500882456759619,0.8751773238182068,-1.0809216499328613,0.124822698533535,0.21652421355247498,-0.14411437511444092,-0.20847557485103607,0,3,0.833450973033905
0.7693023681640625,mid,combined,2832,Roman-empire,0.005261039827018976,iterative_relation_frozen,0.49982350864807623,0.8703261613845825,-1.04216730594635,0.1296738237142563,0.2121390700340271,0.025399774312973022,0.04137717932462692,0,3,0.8312146663665771
0.7733936309814453,high,combined,1417,Roman-empire,0.38492515683174133,iterative_relation_frozen,0.2500882456759619,0.8304552435874939,-1.0076611042022705,0.1695447415113449,0.21830397844314575,0.09278587251901627,0.11706734448671341,0,3,0.8306280970573425
0.5024453401565552,low,combined,1417,Roman-empire,-0.20920173823833466,iterative_relation_frozen,0.2500882456759619,0.902816891670227,-1.339192271232605,0.09718310087919235,0.17872370779514313,-0.26988357305526733,-0.11802775412797928,0,4,0.880028247833252
0.5135048627853394,mid,combined,2832,Roman-empire,-0.031843435019254684,iterative_relation_frozen,0.49982350864807623,0.842670738697052,-0.9747836589813232,0.1573292464017868,0.21452929079532623,0.0037900269962847233,-0.01883677765727043,0,4,0.806850254535675
0.5225247144699097,high,combined,1417,Roman-empire,0.2739686071872711,iterative_relation_frozen,0.2500882456759619,0.8003273606300354,-0.7096350789070129,0.199672669172287,0.24830473959445953,0.27489447593688965,0.1228339746594429,0,4,0.8235709071159363
0.7483909726142883,low,combined,1417,Roman-empire,-0.2256549894809723,iterative_relation_frozen,0.2500882456759619,0.8779264092445374,-1.0993772745132446,0.12207357585430145,0.21423180401325226,-0.32695630192756653,0.02513934299349785,0,5,0.8454481363296509
0.7573440670967102,mid,combined,2832,Roman-empire,0.0906713455915451,iterative_relation_frozen,0.49982350864807623,0.879026472568512,-1.1159664392471313,0.12097351253032684,0.21203705668449402,0.08601649105548859,-0.01033979281783104,0,5,0.8389830589294434
0.7647389769554138,high,combined,1417,Roman-empire,0.10128385573625565,iterative_relation_frozen,0.2500882456759619,0.8110465407371521,-0.9624094367027283,0.1889534890651703,0.2183663696050644,0.1734623908996582,-0.002352190436795354,0,5,0.8426252603530884
0.7633827924728394,low,combined,1417,Roman-empire,-0.79215008020401,iterative_relation_frozen,0.2500882456759619,0.8913690447807312,-1.178526520729065,0.1086309552192688,0.18725113570690155,-0.5226160883903503,-0.04399249330163002,0,6,0.8581510186195374
0.7760829329490662,mid,combined,2832,Roman-empire,-0.014145293273031712,iterative_relation_frozen,0.49982350864807623,0.8677443265914917,-1.0757678747177124,0.1322556883096695,0.22655299305915833,0.00804461631923914,-0.021362148225307465,0,6,0.8527542352676392
0.7809924483299255,high,combined,1417,Roman-empire,0.8558823466300964,iterative_relation_frozen,0.2500882456759619,0.7637795209884644,-0.6997187733650208,0.23622047901153564,0.21548862755298615,0.5074847340583801,0.08524919301271439,0,6,0.7671136260032654
0.7499719262123108,low,combined,1417,Roman-empire,-0.222601979970932,iterative_relation_frozen,0.2500882456759619,0.8935859799385071,-1.1561684608459473,0.10641399770975113,0.20376472175121307,-0.1440126895904541,0.017401590943336487,0,7,0.9004939794540405
0.7597528696060181,mid,combined,2832,Roman-empire,-0.11007436364889145,iterative_relation_frozen,0.49982350864807623,0.8415841460227966,-1.0575345754623413,0.15841583907604218,0.20510131120681763,-0.029331136494874954,-0.003989951219409704,0,7,0.8269773721694946
0.7671478986740112,high,combined,1417,Roman-empire,0.4102787971496582,iterative_relation_frozen,0.2500882456759619,0.8469387888908386,-0.966219961643219,0.15306122601032257,0.24088288843631744,0.19351935386657715,-0.01987600512802601,0,7,0.7826393842697144
0.7594344615936279,low,combined,1417,Roman-empire,-0.3241998851299286,iterative_relation_frozen,0.2500882456759619,0.878828227519989,-1.131767988204956,0.12117177248001099,0.21952493488788605,-0.129196897149086,-0.032901644706726074,0,8,0.8461538553237915
0.7644129395484924,mid,combined,2832,Roman-empire,-0.0401696152985096,iterative_relation_frozen,0.49982350864807623,0.8370656371116638,-1.0339279174804688,0.16293436288833618,0.21832844614982605,-0.03355452045798302,0.004529607016593218,0,8,0.8248587846755981
0.7692493796348572,high,combined,1417,Roman-empire,0.3592309057712555,iterative_relation_frozen,0.2500882456759619,0.8621262311935425,-1.03306245803833,0.13787375390529633,0.2061043530702591,0.18213556706905365,-0.010755431838333607,0,8,0.8228651881217957
0.9641924500465393,low,combined,1417,Roman-empire,-0.1344423145055771,iterative_relation_frozen,0.2500882456759619,0.93284672498703,-1.2970014810562134,0.06715328246355057,0.23435796797275543,-0.18205228447914124,-0.055595364421606064,0,9,0.8828510642051697
0.9703933000564575,mid,combined,2832,Roman-empire,0.03279457613825798,iterative_relation_frozen,0.49982350864807623,0.85550457239151,-1.0317610502243042,0.1444954127073288,0.21559084951877594,0.029036546126008034,-0.004672112874686718,0,9,0.8075565099716187
0.9762798547744751,high,combined,1417,Roman-empire,0.06971690058708191,iterative_relation_frozen,0.2500882456759619,0.7373417615890503,-0.7311899065971375,0.2626582384109497,0.19240447878837585,0.1478886604309082,0.08810154348611832,0,9,0.7798165082931519
0.75,low,fixed,5666,Roman-empire,0.007871834561228752,iterative_relation_frozen,1.0,0.8534482717514038,-1.0467185974121094,0.1465517282485962,0.2140446901321411,-0.0008980259299278259,0.002668794710189104,0,0,0.809036374092102
nan,mid,fixed,0,Roman-empire,nan,iterative_relation_frozen,0.0,nan,nan,nan,nan,nan,nan,0,0,nan
0.75,high,fixed,5666,Roman-empire,0.007871834561228752,iterative_relation_frozen,1.0,0.8534482717514038,-1.0467185974121094,0.1465517282485962,0.2140446901321411,-0.0008980259299278259,0.002668794710189104,0,0,0.809036374092102
1.0,low,fixed,5666,Roman-empire,-0.00525692431256175,iterative_relation_frozen,1.0,0.8504083156585693,-1.0626049041748047,0.14959168434143066,0.21396225690841675,-0.010500344447791576,-0.002042252104729414,0,1,0.8212142586708069
nan,mid,fixed,0,Roman-empire,nan,iterative_relation_frozen,0.0,nan,nan,nan,nan,nan,nan,0,1,nan
1.0,high,fixed,5666,Roman-empire,-0.00525692431256175,iterative_relation_frozen,1.0,0.8504083156585693,-1.0626049041748047,0.14959168434143066,0.21396225690841675,-0.010500344447791576,-0.002042252104729414,0,1,0.8212142586708069
0.75,low,fixed,5666,Roman-empire,0.006957876030355692,iterative_relation_frozen,1.0,0.8615087270736694,-1.0529752969741821,0.13849130272865295,0.21449416875839233,0.005562381818890572,0.008908181451261044,0,2,0.8155665397644043
nan,mid,fixed,0,Roman-empire,nan,iterative_relation_frozen,0.0,nan,nan,nan,nan,nan,nan,0,2,nan
0.75,high,fixed,5666,Roman-empire,0.006957876030355692,iterative_relation_frozen,1.0,0.8615087270736694,-1.0529752969741821,0.13849130272865295,0.21449416875839233,0.005562381818890572,0.008908181451261044,0,2,0.8155665397644043
0.75,low,fixed,5666,Roman-empire,-0.011665921658277512,iterative_relation_frozen,1.0,0.8618699312210083,-1.0432296991348267,0.1381300538778305,0.21477752923965454,-0.00014124852896202356,-0.0021788342855870724,0,3,0.8166254758834839
nan,mid,fixed,0,Roman-empire,nan,iterative_relation_frozen,0.0,nan,nan,nan,nan,nan,nan,0,3,nan
0.75,high,fixed,5666,Roman-empire,-0.011665921658277512,iterative_relation_frozen,1.0,0.8618699312210083,-1.0432296991348267,0.1381300538778305,0.21477752923965454,-0.00014124852896202356,-0.0021788342855870724,0,3,0.8166254758834839
0.5,low,fixed,5666,Roman-empire,0.00028133258456364274,iterative_relation_frozen,1.0,0.8490853905677795,-0.9996074438095093,0.15091463923454285,0.21402154862880707,0.0031475196592509747,-0.008213086985051632,0,4,0.811683714389801
nan,mid,fixed,0,Roman-empire,nan,iterative_relation_frozen,0.0,nan,nan,nan,nan,nan,nan,0,4,nan
0.5,high,fixed,5666,Roman-empire,0.00028133258456364274,iterative_relation_frozen,1.0,0.8490853905677795,-0.9996074438095093,0.15091463923454285,0.21402154862880707,0.0031475196592509747,-0.008213086985051632,0,4,0.811683714389801
0.75,low,fixed,5666,Roman-empire,0.01421592477709055,iterative_relation_frozen,1.0,0.8613492250442505,-1.073414921760559,0.13865076005458832,0.21416883170604706,0.004606029950082302,0.0005307271494530141,0,5,0.8279209136962891
nan,mid,fixed,0,Roman-empire,nan,iterative_relation_frozen,0.0,nan,nan,nan,nan,nan,nan,0,5,nan
0.75,high,fixed,5666,Roman-empire,0.01421592477709055,iterative_relation_frozen,1.0,0.8613492250442505,-1.073414921760559,0.13865076005458832,0.21416883170604706,0.004606029950082302,0.0005307271494530141,0,5,0.8279209136962891
0.75,low,fixed,5666,Roman-empire,0.008868520148098469,iterative_relation_frozen,1.0,0.8489505052566528,-1.0074211359024048,0.15104947984218597,0.21395698189735413,0.00023674215481150895,-0.0003594884183257818,0,6,0.8206847906112671
nan,mid,fixed,0,Roman-empire,nan,iterative_relation_frozen,0.0,nan,nan,nan,nan,nan,nan,0,6,nan
0.75,high,fixed,5666,Roman-empire,0.008868520148098469,iterative_relation_frozen,1.0,0.8489505052566528,-1.0074211359024048,0.15104947984218597,0.21395698189735413,0.00023674215481150895,-0.0003594884183257818,0,6,0.8206847906112671
0.75,low,fixed,5666,Roman-empire,-0.008081993088126183,iterative_relation_frozen,1.0,0.8565906286239624,-1.0593650341033936,0.1434093564748764,0.21371562778949738,-0.0022793635725975037,-0.0026130941696465015,0,7,0.8199788331985474
nan,mid,fixed,0,Roman-empire,nan,iterative_relation_frozen,0.0,nan,nan,nan,nan,nan,nan,0,7,nan
0.75,high,fixed,5666,Roman-empire,-0.008081993088126183,iterative_relation_frozen,1.0,0.8565906286239624,-1.0593650341033936,0.1434093564748764,0.21371562778949738,-0.0022793635725975037,-0.0026130941696465015,0,7,0.8199788331985474
0.75,low,fixed,5666,Roman-empire,-0.011316871270537376,iterative_relation_frozen,1.0,0.8546072244644165,-1.0581799745559692,0.1453927457332611,0.2155705690383911,-0.003531995229423046,-0.008654117584228516,0,8,0.8169784545898438
nan,mid,fixed,0,Roman-empire,nan,iterative_relation_frozen,0.0,nan,nan,nan,nan,nan,nan,0,8,nan
0.75,high,fixed,5666,Roman-empire,-0.011316871270537376,iterative_relation_frozen,1.0,0.8546072244644165,-1.0581799745559692,0.1453927457332611,0.2155705690383911,-0.003531995229423046,-0.008654117584228516,0,8,0.8169784545898438
1.0,low,fixed,5666,Roman-empire,0.00020443943503778428,iterative_relation_frozen,1.0,0.8472381234169006,-1.0229252576828003,0.15276190638542175,0.21448564529418945,0.005969229154288769,0.0057941824197769165,0,9,0.8095658421516418
nan,mid,fixed,0,Roman-empire,nan,iterative_relation_frozen,0.0,nan,nan,nan,nan,nan,nan,0,9,nan
1.0,high,fixed,5666,Roman-empire,0.00020443943503778428,iterative_relation_frozen,1.0,0.8472381234169006,-1.0229252576828003,0.15276190638542175,0.21448564529418945,0.005969229154288769,0.0057941824197769165,0,9,0.8095658421516418
0.7563809156417847,low,reliability_only,1417,Roman-empire,-0.4520382881164551,iterative_relation_frozen,0.2500882456759619,0.8660436272621155,-1.0938475131988525,0.13395638763904572,0.2180764228105545,-0.16016340255737305,-0.06615728884935379,0,0,0.8503881692886353
0.7675478458404541,mid,reliability_only,2832,Roman-empire,-0.08230332285165787,iterative_relation_frozen,0.49982350864807623,0.8622974753379822,-1.0863440036773682,0.13770250976085663,0.21572764217853546,-0.070460245013237,0.0001886938262032345,0,0,0.8502824902534485
0.7765263915061951,high,reliability_only,1417,Roman-empire,0.6480050086975098,iterative_relation_frozen,0.2500882456759619,0.8233532905578613,-0.9203946590423584,0.17664670944213867,0.20664937794208527,0.29739364981651306,0.07645158469676971,0,0,0.7791107892990112
0.974071741104126,low,reliability_only,1417,Roman-empire,0.18250904977321625,iterative_relation_frozen,0.2500882456759619,0.8369408249855042,-1.0269473791122437,0.16305916011333466,0.2050153613090515,0.19954442977905273,-0.12203880399465561,0,1,0.7868736982345581
0.9787588119506836,mid,reliability_only,2832,Roman-empire,-0.04598917067050934,iterative_relation_frozen,0.49982350864807623,0.8758364319801331,-1.113978385925293,0.12416356801986694,0.21457728743553162,-0.02798694372177124,0.00039604457560926676,0,1,0.8541666865348816
0.9829401969909668,high,reliability_only,1417,Roman-empire,-0.11161588877439499,iterative_relation_frozen,0.2500882456759619,0.8125,-0.9955883026123047,0.1875,0.22168001532554626,-0.18559660017490387,0.11308116465806961,0,1,0.8299223780632019
0.7573758959770203,low,reliability_only,1417,Roman-empire,-0.20195260643959045,iterative_relation_frozen,0.2500882456759619,0.8711180090904236,-1.109722375869751,0.12888199090957642,0.2188873440027237,-0.05993473529815674,0.059295106679201126,0,2,0.833450973033905
0.7637244462966919,mid,reliability_only,2832,Roman-empire,-0.16342897713184357,iterative_relation_frozen,0.49982350864807623,0.8767123222351074,-1.0998228788375854,0.12328767031431198,0.21336688101291656,-0.11169364303350449,-0.035290420055389404,0,2,0.8446327447891235
0.7696838974952698,high,reliability_only,1417,Roman-empire,0.5564015507698059,iterative_relation_frozen,0.2500882456759619,0.819776713848114,-0.9025994539260864,0.180223286151886,0.21235398948192596,0.3054060637950897,0.04685608670115471,0,2,0.812279462814331
0.7564991116523743,low,reliability_only,1417,Roman-empire,-0.22700875997543335,iterative_relation_frozen,0.2500882456759619,0.875,-1.204076886177063,0.125,0.22162896394729614,-0.2214059829711914,-0.39845171570777893,0,3,0.812279462814331
0.7642030715942383,mid,reliability_only,2832,Roman-empire,0.10042911767959595,iterative_relation_frozen,0.49982350864807623,0.8465080857276917,-1.03105628490448,0.15349194407463074,0.20969408750534058,0.05500420555472374,0.01785825751721859,0,3,0.8213276863098145
0.7698255181312561,high,reliability_only,1417,Roman-empire,-0.020354948937892914,iterative_relation_frozen,0.2500882456759619,0.879687488079071,-0.9067121148109436,0.12031249701976776,0.21808576583862305,0.11091040819883347,0.3540481925010681,0,3,0.8729710578918457
0.5062434077262878,low,reliability_only,1417,Roman-empire,-0.6643626689910889,iterative_relation_frozen,0.2500882456759619,0.8605852127075195,-1.0081192255020142,0.13941480219364166,0.17627406120300293,-0.363061785697937,-0.052949439734220505,0,4,0.8306280970573425
0.5140249133110046,mid,reliability_only,2832,Roman-empire,0.10744498670101166,iterative_relation_frozen,0.49982350864807623,0.8461538553237915,-1.026464581489563,0.1538461595773697,0.20096243917942047,0.07652293145656586,-0.020211001858115196,0,4,0.8290960192680359
0.5197254419326782,high,reliability_only,1417,Roman-empire,0.45074936747550964,iterative_relation_frozen,0.2500882456759619,0.8451327681541443,-0.9374189376831055,0.1548672616481781,0.2778688967227936,0.22270958125591278,0.06050216406583786,0,4,0.8263937830924988
0.7488749027252197,low,reliability_only,1417,Roman-empire,-0.2737526595592499,iterative_relation_frozen,0.2500882456759619,0.8667711615562439,-1.0457308292388916,0.1332288384437561,0.2214597910642624,-0.12905719876289368,0.22949673235416412,0,5,0.8616796135902405
0.7583621740341187,mid,reliability_only,2832,Roman-empire,0.17758925259113312,iterative_relation_frozen,0.49982350864807623,0.8475610017776489,-0.9879318475723267,0.15243902802467346,0.20584174990653992,0.091164231300354,0.024625007063150406,0,5,0.8322740197181702
0.7664390206336975,high,reliability_only,1417,Roman-empire,-0.024331534281373024,iterative_relation_frozen,0.2500882456759619,0.8813096880912781,-1.271944522857666,0.11869031190872192,0.22352026402950287,-0.034724947065114975,-0.27658987045288086,0,5,0.8673253059387207
0.7664578557014465,low,reliability_only,1417,Roman-empire,-0.5120753049850464,iterative_relation_frozen,0.2500882456759619,0.8400646448135376,-0.9914675951004028,0.1599353849887848,0.19990421831607819,-0.29586514830589294,0.0549921840429306,0,6,0.8228651881217957
0.7762364149093628,mid,reliability_only,2832,Roman-empire,0.1362755298614502,iterative_relation_frozen,0.49982350864807623,0.8401162624359131,-0.9813272953033447,0.15988372266292572,0.22054652869701385,0.1104336529970169,0.012894874438643456,0,6,0.8273305296897888
0.7817496657371521,high,reliability_only,1417,Roman-empire,0.2751781642436981,iterative_relation_frozen,0.2500882456759619,0.8751857280731201,-1.0755256414413452,0.12481426447629929,0.21483996510505676,0.07610037177801132,-0.08220118284225464,0,6,0.8659139275550842
0.7554277777671814,low,reliability_only,1417,Roman-empire,-0.264390766620636,iterative_relation_frozen,0.2500882456759619,0.8266870975494385,-0.9586796760559082,0.17331288754940033,0.214896559715271,0.15385015308856964,0.2692500650882721,0,7,0.8659139275550842
0.7630704045295715,mid,reliability_only,2832,Roman-empire,-0.35560595989227295,iterative_relation_frozen,0.49982350864807623,0.8844682574272156,-1.1448218822479248,0.11553175002336502,0.20972970128059387,-0.28036364912986755,-0.0707206130027771,0,7,0.8538135886192322
0.7718331813812256,high,reliability_only,1417,Roman-empire,0.9427842497825623,iterative_relation_frozen,0.2500882456759619,0.8296178579330444,-0.9892575740814209,0.17038217186927795,0.22050081193447113,0.3973672091960907,-0.13835734128952026,0,7,0.7642907500267029
0.7557684183120728,low,reliability_only,1417,Roman-empire,-0.1377182900905609,iterative_relation_frozen,0.2500882456759619,0.8988439440727234,-1.2390936613082886,0.1011560708284378,0.21774806082248688,-0.08813461661338806,-0.1188662052154541,0,8,0.8412138223648071
0.7602675557136536,mid,reliability_only,2832,Roman-empire,-0.15977849066257477,iterative_relation_frozen,0.49982350864807623,0.8586309552192688,-1.0521631240844727,0.1413690447807312,0.21291495859622955,-0.09279613196849823,0.009199004620313644,0,8,0.8435734510421753
0.7648904323577881,high,reliability_only,1417,Roman-empire,0.4117982089519501,iterative_relation_frozen,0.2500882456759619,0.7957516312599182,-0.8892918825149536,0.2042483687400818,0.21870052814483643,0.25947290658950806,0.06587692350149155,0,8,0.7995765805244446
0.9748947024345398,low,reliability_only,1417,Roman-empire,-0.12991146743297577,iterative_relation_frozen,0.2500882456759619,0.8745704293251038,-1.0228798389434814,0.12542955577373505,0.20894713699817657,-0.06909079104661942,0.05308368429541588,0,9,0.8482710123062134
0.9787126779556274,mid,reliability_only,2832,Roman-empire,-0.005000374745577574,iterative_relation_frozen,0.49982350864807623,0.8755555748939514,-1.0783336162567139,0.12444444745779037,0.21529720723628998,0.011785651557147503,-0.008305701427161694,0,9,0.8202683329582214
0.9840310215950012,high,reliability_only,1417,Roman-empire,0.14072264730930328,iterative_relation_frozen,0.2500882456759619,0.7691197395324707,-0.9122321605682373,0.2308802306652069,0.2184022217988968,0.06940461695194244,-0.013315457850694656,0,9,0.7904022336006165
