dataset,family,control_mode,n,test_acc_mean,test_acc_std,macro_f1_mean,baseline_test_acc_mean,gain_over_own_baseline,base_alpha_mean,alpha_mean,alpha_std,adjustment_mean,adjustment_max,alpha_corr_local_similarity,alpha_corr_rwse,alpha_corr_control_input_mean,declared_trainable_parameters,active_controller_parameters,backbone_trainable_parameters
Chameleon,hidden_mixing_finetune,combined,3,0.5445906519889832,0.00918846638088619,0.5402012193213435,0.542397677898407,0.002192974090576172,0.9166666666666666,0.9162891109784445,5.0481248763389885e-05,0.0008815654243032137,0.0010792649118229747,-0.26547736706185204,-0.33491281584925836,-0.35038253794524216,259401.0,34948.0,224453.0
Chameleon,hidden_mixing_finetune,combined_constant,3,0.5445906519889832,0.00918846638088619,0.5402052450862389,0.542397677898407,0.002192974090576172,0.9166666666666666,0.9162907600402832,4.864716902375221e-05,0.0008780340625283619,0.001039867561000089,-0.17901483068836516,-0.1488902920843851,nan,259401.0,34948.0,224453.0
Chameleon,hidden_mixing_finetune,combined_shuffled,3,0.5394736925760905,0.012911935827200089,0.5354453582423314,0.542397677898407,-0.0029239853223164878,0.9166666666666666,0.9163563052813212,0.0001507514874295642,0.0007703201845288277,0.001296904869377613,-0.13658111725487182,-0.09933143661682897,0.16942034038373763,259401.0,34948.0,224453.0
Chameleon,hidden_mixing_finetune,constant_reliability,3,0.5438596606254578,0.009969441109360181,0.5395716758057203,0.542397677898407,0.0014619827270507812,0.9166666666666666,0.9162852962811788,4.325661575421691e-05,0.0009092112692693869,0.0010156705587481458,nan,nan,nan,259401.0,26372.0,224453.0
Chameleon,hidden_mixing_finetune,feature_only,3,0.5387427012125651,0.013675649275063992,0.5348538383684067,0.542397677898407,-0.0036549766858418784,0.9166666666666666,0.9163397947947184,0.00019843573682010174,0.0008002060349099338,0.0016783033885682623,-0.1873657484113665,-0.13941896867466969,nan,259401.0,25348.0,224453.0
Chameleon,hidden_mixing_finetune,fixed,3,0.5431286692619324,0.010793006584243363,0.5343664672302797,0.542397677898407,0.0007309913635253906,0.9166666666666666,0.9166666666666666,0.0,0.0,0.0,nan,nan,nan,224453.0,0.0,224453.0
Chameleon,hidden_mixing_finetune,reliability_only,3,0.5394736925760905,0.012911935827200089,0.5352676421566834,0.542397677898407,-0.0029239853223164878,0.9166666666666666,0.9162856141726176,0.00035102317633572966,0.0008413767597327629,0.0026164378505200148,-0.23942456586847521,-0.4686623210344272,-0.5343562026026094,259401.0,26372.0,224453.0
Chameleon,hidden_mixing_finetune,shuffled_reliability,3,0.5445906519889832,0.00918846638088619,0.5402012193213435,0.542397677898407,0.002192974090576172,0.9166666666666666,0.9162760774294535,4.697794793173671e-05,0.0009315169882029295,0.0010678487597033381,0.03695867224163014,-0.0010492705919093628,0.5006035386548692,259401.0,26372.0,224453.0
Chameleon,hidden_mixing_finetune,zero_reliability,3,0.5431286692619324,0.010181578611462488,0.539616492438397,0.542397677898407,0.0007309913635253906,0.9166666666666666,0.916442354520162,5.2435613421645634e-05,0.0006278219322363535,0.0007719989613785098,nan,nan,nan,259401.0,26372.0,224453.0
Chameleon,hidden_mixing_frozen,combined,3,0.5438596606254578,0.009969441109360181,0.5390692226668312,0.542397677898407,0.0014619827270507812,0.9166666666666666,0.9223507245381674,0.005012669910987218,0.028859579159567755,0.034000000450760126,0.0561550832704297,-0.403169622380827,-0.15599282995556502,34948.0,34948.0,0.0
Chameleon,hidden_mixing_frozen,combined_constant,3,0.542397677898407,0.011650133892631245,0.5373373134008156,0.542397677898407,0.0,0.9166666666666666,0.919625997543335,0.003112977681060632,0.013882058206945658,0.03396504729365309,-0.16793970743090722,-0.04685846148944046,nan,34948.0,34948.0,0.0
Chameleon,hidden_mixing_frozen,combined_shuffled,3,0.542397677898407,0.011650133892631245,0.5373373134008156,0.542397677898407,0.0,0.9166666666666666,0.9160759250322977,0.0004358700243756175,0.0012126310029998422,0.0026408202635745206,0.02824988917429798,-0.01383183300316653,0.3661328740102635,34948.0,34948.0,0.0
Chameleon,hidden_mixing_frozen,constant_reliability,3,0.542397677898407,0.011650133892631245,0.5373373134008156,0.542397677898407,0.0,0.9166666666666666,0.9162500301996866,0.0,0.0009999999310821295,0.0009999999310821295,nan,nan,nan,34948.0,26372.0,0.0
Chameleon,hidden_mixing_frozen,feature_only,3,0.542397677898407,0.011650133892631245,0.5373373134008156,0.542397677898407,0.0,0.9166666666666666,0.9162500301996866,0.0,0.0009999999310821295,0.0009999999310821295,nan,nan,nan,34948.0,25348.0,0.0
Chameleon,hidden_mixing_frozen,fixed,3,0.542397677898407,0.011650133892631245,0.5373373134008156,0.542397677898407,0.0,0.9166666666666666,0.9166666666666666,0.0,0.0,0.0,nan,nan,nan,0.0,0.0,0.0
Chameleon,hidden_mixing_frozen,reliability_only,3,0.5445906519889832,0.00918846638088619,0.5395338188176299,0.542397677898407,0.002192974090576172,0.9166666666666666,0.9219107031822205,0.006058062271525462,0.030697073399399716,0.03841076783525447,0.2831021815829042,-0.07677298518809719,0.1504100162019171,34948.0,26372.0,0.0
Chameleon,hidden_mixing_frozen,shuffled_reliability,3,0.542397677898407,0.011650133892631245,0.5373373134008156,0.542397677898407,0.0,0.9166666666666666,0.915982186794281,0.0006196282338351011,0.0013224385523547728,0.0033288199144105115,0.03390457013388891,-0.012198875813294345,0.36522101332519347,34948.0,26372.0,0.0
Chameleon,hidden_mixing_frozen,zero_reliability,3,0.542397677898407,0.011650133892631245,0.5373373134008156,0.542397677898407,0.0,0.9166666666666666,0.9162500301996866,0.0,0.0009999999310821295,0.0009999999310821295,nan,nan,nan,34948.0,26372.0,0.0
Chameleon,residual_alpha,combined,3,0.6330409248669943,0.016637136667965437,0.6313747650116439,0.6330409248669943,0.0,0.9166666666666666,0.9162500301996866,0.0,0.0009999999310821295,0.0009999999310821295,nan,nan,nan,162178.0,162178.0,0.0
Chameleon,residual_alpha,combined_constant,3,0.6330409248669943,0.016637136667965437,0.6313747650116439,0.6330409248669943,0.0,0.9166666666666666,0.9162500301996866,0.0,0.0009999999310821295,0.0009999999310821295,nan,nan,nan,162178.0,162178.0,0.0
Chameleon,residual_alpha,combined_shuffled,3,0.6330409248669943,0.016637136667965437,0.6313747650116439,0.6330409248669943,0.0,0.9166666666666666,0.9162500301996866,0.0,0.0009999999310821295,0.0009999999310821295,nan,nan,nan,162178.0,162178.0,0.0
Chameleon,residual_alpha,constant_reliability,3,0.6330409248669943,0.016637136667965437,0.6313747650116439,0.6330409248669943,0.0,0.9166666666666666,0.9162500301996866,0.0,0.0009999999310821295,0.0009999999310821295,nan,nan,nan,162178.0,13186.0,0.0
Chameleon,residual_alpha,feature_only,3,0.6330409248669943,0.016637136667965437,0.6313747650116439,0.6330409248669943,0.0,0.9166666666666666,0.9162500301996866,0.0,0.0009999999310821295,0.0009999999310821295,nan,nan,nan,162178.0,157378.0,0.0
Chameleon,residual_alpha,fixed,3,0.6330409248669943,0.016637136667965437,0.6313747650116439,0.6330409248669943,0.0,0.9166666666666666,0.9166666666666666,0.0,0.0,0.0,nan,nan,nan,0.0,0.0,0.0
Chameleon,residual_alpha,reliability_only,3,0.6330409248669943,0.016637136667965437,0.6313747650116439,0.6330409248669943,0.0,0.9166666666666666,0.9162500301996866,0.0,0.0009999999310821295,0.0009999999310821295,nan,nan,nan,162178.0,13186.0,0.0
Chameleon,residual_alpha,shuffled_reliability,3,0.6330409248669943,0.016637136667965437,0.6313747650116439,0.6330409248669943,0.0,0.9166666666666666,0.9162500301996866,0.0,0.0009999999310821295,0.0009999999310821295,nan,nan,nan,162178.0,13186.0,0.0
Chameleon,residual_alpha,zero_reliability,3,0.6330409248669943,0.016637136667965437,0.6313747650116439,0.6330409248669943,0.0,0.9166666666666666,0.9162500301996866,0.0,0.0009999999310821295,0.0009999999310821295,nan,nan,nan,162178.0,13186.0,0.0
Citeseer,hidden_mixing_finetune,combined,3,0.6013333797454834,0.021296846059657468,0.5656052952516213,0.6016667087872823,-0.0003333290417989095,0.8333333333333334,0.8330000042915344,0.0,0.0009999999310821295,0.0009999999310821295,nan,nan,nan,347658.0,34948.0,312710.0
Citeseer,hidden_mixing_finetune,combined_constant,3,0.6013333797454834,0.021296846059657468,0.5656052952516213,0.6016667087872823,-0.0003333290417989095,0.8333333333333334,0.8330000042915344,0.0,0.0009999999310821295,0.0009999999310821295,nan,nan,nan,347658.0,34948.0,312710.0
Citeseer,hidden_mixing_finetune,combined_shuffled,3,0.6013333797454834,0.021296846059657468,0.5656052952516213,0.6016667087872823,-0.0003333290417989095,0.8333333333333334,0.8330000042915344,0.0,0.0009999999310821295,0.0009999999310821295,nan,nan,nan,347658.0,34948.0,312710.0
Citeseer,hidden_mixing_finetune,constant_reliability,3,0.609000047047933,0.01512173594835611,0.5685433134888722,0.6016667087872823,0.007333338260650635,0.8333333333333334,0.8330659667650858,0.00012086204757603507,0.0011019444403549035,0.001127905755614241,nan,nan,nan,347658.0,26372.0,312710.0
Citeseer,hidden_mixing_finetune,feature_only,3,0.6066667040189108,0.016499170590761673,0.5668418543043883,0.6016667087872823,0.004999995231628418,0.8333333333333334,0.8330609003702799,8.229409771350522e-05,0.0009764144197106361,0.0011498587749277551,0.03693296862443219,0.08584836310208593,nan,347658.0,25348.0,312710.0
Citeseer,hidden_mixing_finetune,fixed,3,0.6063333749771118,0.022050431228238222,0.5680798026467355,0.6016667087872823,0.004666666189829509,0.8333333333333334,0.8333333333333334,0.0,0.0,0.0,nan,nan,nan,312710.0,0.0,312710.0
Citeseer,hidden_mixing_finetune,reliability_only,3,0.6080000400543213,0.015641835016328414,0.5677158571757617,0.6016667087872823,0.006333331267038981,0.8333333333333334,0.8330393036206564,0.00011131023832907279,0.0010350605395312111,0.0012284239055588841,-0.35480338883117507,0.10982566043407568,0.36333613672616843,347658.0,26372.0,312710.0
Citeseer,hidden_mixing_finetune,shuffled_reliability,3,0.6100000341733297,0.014719614401764126,0.5694007012081923,0.6016667087872823,0.008333325386047363,0.8333333333333334,0.8330465952555338,9.192557384570439e-05,0.0009919651589977245,0.0011422737346341212,0.02429787301783797,0.0008063125542287721,0.14531605091892957,347658.0,26372.0,312710.0
Citeseer,hidden_mixing_finetune,zero_reliability,3,0.6083333690961202,0.015456043937588268,0.5677302476753617,0.6016667087872823,0.006666660308837891,0.8333333333333334,0.8330711325009664,0.00011864057159982622,0.0010979824777071674,0.0011311857573067148,nan,nan,nan,347658.0,26372.0,312710.0
Citeseer,hidden_mixing_frozen,combined,3,0.6016667087872823,0.021202728335249228,0.5658387141422097,0.6016667087872823,0.0,0.8333333333333334,0.8329632679621378,0.00020425993716344237,0.0010104782801742356,0.001524154484892885,-0.2646818215647699,-0.10130305476119211,-0.13281191600135095,34948.0,34948.0,0.0
Citeseer,hidden_mixing_frozen,combined_constant,3,0.6016667087872823,0.021202728335249228,0.5658387141422097,0.6016667087872823,0.0,0.8333333333333334,0.8329660097757975,0.00020040624076500535,0.001006220777829488,0.0014474333729594946,0.03988251621099509,0.09991004712598105,nan,34948.0,34948.0,0.0
Citeseer,hidden_mixing_frozen,combined_shuffled,3,0.6016667087872823,0.021202728335249228,0.5658387141422097,0.6016667087872823,0.0,0.8333333333333334,0.8329679171244303,0.00019911011137689152,0.0010047170023123424,0.0014849770814180374,0.04765890603981676,0.07651601325241769,0.12260264654893809,34948.0,34948.0,0.0
Citeseer,hidden_mixing_frozen,constant_reliability,3,0.6010000507036845,0.021400935687944614,0.5652970383589981,0.6016667087872823,-0.000666658083597819,0.8333333333333334,0.8330145875612894,3.9366275207915656e-05,0.0009795686152453225,0.0010370160064970453,nan,nan,nan,34948.0,26372.0,0.0
Citeseer,hidden_mixing_frozen,feature_only,3,0.6016667087872823,0.021202728335249228,0.5658387141422097,0.6016667087872823,0.0,0.8333333333333334,0.8330433964729309,0.00012151893073072036,0.0009034050550932685,0.0011713981706028183,0.020940447040400722,0.024139922659979402,nan,34948.0,25348.0,0.0
Citeseer,hidden_mixing_frozen,fixed,3,0.6016667087872823,0.021202728335249228,0.5658387141422097,0.6016667087872823,0.0,0.8333333333333334,0.8333333333333334,0.0,0.0,0.0,nan,nan,nan,0.0,0.0,0.0
Citeseer,hidden_mixing_frozen,reliability_only,3,0.6010000507036845,0.021400935687944614,0.5652970383589981,0.6016667087872823,-0.000666658083597819,0.8333333333333334,0.8330166737238566,4.068023796814183e-05,0.0009761171337837974,0.0010487935117756326,-0.3236985906770301,-0.016978994382342072,0.22298863439572872,34948.0,26372.0,0.0
Citeseer,hidden_mixing_frozen,shuffled_reliability,3,0.6010000507036845,0.021400935687944614,0.5652970383589981,0.6016667087872823,-0.000666658083597819,0.8333333333333334,0.8330163955688477,4.07533225370571e-05,0.0009765554762755831,0.0010477904773627718,0.02564999606527569,-0.008297908327414656,0.18041141636998026,34948.0,26372.0,0.0
Citeseer,hidden_mixing_frozen,zero_reliability,3,0.6010000507036845,0.021400935687944614,0.5652970383589981,0.6016667087872823,-0.000666658083597819,0.8333333333333334,0.8330150445302328,4.357996416122963e-05,0.000978750642389059,0.0010425038635730743,nan,nan,nan,34948.0,26372.0,0.0
Citeseer,residual_alpha,combined,3,0.6883333722750345,0.007133627280621452,0.652318109503753,0.6906666954358419,-0.0023333231608072915,1.0,0.9920730590820312,0.0004733516010067736,0.0085705507081002,0.009401991420115033,0.4414083829679828,0.6979953355256249,0.6039790323846278,250370.0,250370.0,0.0
Citeseer,residual_alpha,combined_constant,3,0.6923333605130514,0.008730548940422656,0.6573273517506059,0.6906666954358419,0.0016666650772094727,1.0,0.9881966511408488,6.207390348815049e-05,0.012419950760280093,0.012574568313236037,-0.050120680363122984,0.025932889788304006,nan,250370.0,250370.0,0.0
Citeseer,residual_alpha,combined_shuffled,3,0.6880000233650208,0.0070710610683697135,0.6515172869783683,0.6906666954358419,-0.0026666720708211264,1.0,0.9931966066360474,0.00028757291147485375,0.007354526314884424,0.00790776793534557,-0.022871284132329254,0.01071295112725591,0.5502207798818196,250370.0,250370.0,0.0
Citeseer,residual_alpha,constant_reliability,3,0.6920000314712524,0.007788864862776874,0.6570889806281965,0.6906666954358419,0.0013333360354105632,1.0,0.9877556761105856,0.0,0.012850869369382659,0.012850868748500943,nan,nan,nan,250370.0,13186.0,0.0
Citeseer,residual_alpha,feature_only,3,0.6913333535194397,0.004714040712246475,0.6557617822788829,0.6906666954358419,0.000666658083597819,1.0,0.995971163113912,2.666895185636046e-05,0.0047143282523999614,0.004789129598066211,-0.04295860460460284,0.03406224255457378,nan,250370.0,245570.0,0.0
Citeseer,residual_alpha,fixed,3,0.6906666954358419,0.0057927154670852745,0.654675598978626,0.6906666954358419,0.0,1.0,1.0,0.0,0.0,0.0,nan,nan,nan,0.0,0.0,0.0
Citeseer,residual_alpha,reliability_only,3,0.6896667083104452,0.005906661730785685,0.6536335768188615,0.6906666954358419,-0.0009999871253967285,1.0,0.9935720165570577,0.0004593103900939847,0.0071812579408288,0.008010419240842262,0.24111531989475846,0.5401621758856189,0.41820075330791184,250370.0,13186.0,0.0
Citeseer,residual_alpha,shuffled_reliability,3,0.6893333594004313,0.012256500232261035,0.6529790497173021,0.6906666954358419,-0.0013333360354105632,1.0,0.9765158295631409,0.0007769277872284874,0.02407343623538812,0.025425320335974295,0.018253776792152208,0.0039169931004872476,0.1375939275965805,250370.0,13186.0,0.0
Citeseer,residual_alpha,zero_reliability,3,0.6913333535194397,0.008730533768965446,0.6564575333447394,0.6906666954358419,0.000666658083597819,1.0,0.987439493338267,0.0,0.01316328338968257,0.013163282768800855,nan,nan,nan,250370.0,13186.0,0.0
Cora,hidden_mixing_finetune,combined,3,0.6960000197092692,0.012328817537476413,0.6809021107352207,0.6803333560625712,0.015666663646697998,0.75,0.7498195767402649,2.5668266365149368e-05,0.0008992128229389588,0.0009852824150584638,-0.4521781533911432,-0.34513789568347264,-0.5510547888763153,202443.0,34948.0,167495.0
Cora,hidden_mixing_finetune,combined_constant,3,0.6973333557446798,0.014079135111035463,0.6810949063805058,0.6803333560625712,0.016999999682108562,0.75,0.7498548030853271,4.295586647155384e-05,0.0008340488420799375,0.0009453348272169629,-0.00019590519797489198,-0.08944437749233143,nan,202443.0,34948.0,167495.0
Cora,hidden_mixing_finetune,combined_shuffled,3,0.6970000267028809,0.01363818092779953,0.6816829453136439,0.6803333560625712,0.01666667064030965,0.75,0.7498435576756796,4.323380805241565e-05,0.0008557435357943177,0.0009612725116312504,0.0161054522423614,-0.04829897965778541,-0.3045261490515997,202443.0,34948.0,167495.0
Cora,hidden_mixing_finetune,constant_reliability,3,0.6966666976610819,0.013199331254439537,0.6794002579703767,0.6803333560625712,0.016333341598510742,0.75,0.7498205502827963,3.985227219042524e-06,0.0008985248859971762,0.0009031816540906826,nan,nan,nan,202443.0,26372.0,167495.0
Cora,hidden_mixing_finetune,feature_only,3,0.6993333697319031,0.016759753536369746,0.6825149739378968,0.6803333560625712,0.019000013669331867,0.75,0.7498080333073934,3.120231122011319e-05,0.0009163873619399965,0.0009967621105412643,0.010911036420141376,-0.08008164275391987,nan,202443.0,25348.0,167495.0
Cora,hidden_mixing_finetune,fixed,3,0.6916667024294535,0.007133647705031976,0.6751283753338152,0.6803333560625712,0.011333346366882324,0.75,0.75,0.0,0.0,0.0,nan,nan,nan,167495.0,0.0,167495.0
Cora,hidden_mixing_finetune,reliability_only,3,0.6983333627382914,0.015412840882289692,0.6828631355306819,0.6803333560625712,0.018000006675720215,0.75,0.7497944037119547,1.3919855215741942e-05,0.0009375779191032052,0.0009893074942131836,-0.40647743960711613,-0.3314215767350547,-0.718964283456258,202443.0,26372.0,167495.0
Cora,hidden_mixing_finetune,shuffled_reliability,3,0.6963333686192831,0.012762803183857389,0.6799268759894498,0.6803333560625712,0.016000012556711834,0.75,0.7498079140981039,1.2246148495857293e-05,0.0009175237307014564,0.0009594773679661254,-0.007425206304583072,0.021183580449870208,-0.34524436277026704,202443.0,26372.0,167495.0
Cora,hidden_mixing_finetune,zero_reliability,3,0.6983333627382914,0.015412840882289692,0.6822569289039644,0.6803333560625712,0.018000006675720215,0.75,0.7498237490653992,8.729745483530374e-06,0.0008933985373005271,0.0009055638608212272,nan,nan,nan,202443.0,26372.0,167495.0
Cora,hidden_mixing_frozen,combined,3,0.6803333560625712,0.01189770708621231,0.6689015779635398,0.6803333560625712,0.0,0.75,0.749750018119812,0.0,0.0009999999310821295,0.0009999999310821295,nan,nan,nan,34948.0,34948.0,0.0
Cora,hidden_mixing_frozen,combined_constant,3,0.6803333560625712,0.01189770708621231,0.6689015779635398,0.6803333560625712,0.0,0.75,0.749750018119812,0.0,0.0009999999310821295,0.0009999999310821295,nan,nan,nan,34948.0,34948.0,0.0
Cora,hidden_mixing_frozen,combined_shuffled,3,0.6803333560625712,0.01189770708621231,0.6689015779635398,0.6803333560625712,0.0,0.75,0.749750018119812,0.0,0.0009999999310821295,0.0009999999310821295,nan,nan,nan,34948.0,34948.0,0.0
Cora,hidden_mixing_frozen,constant_reliability,3,0.6803333560625712,0.01189770708621231,0.6689015779635398,0.6803333560625712,0.0,0.75,0.749750018119812,0.0,0.0009999999310821295,0.0009999999310821295,nan,nan,nan,34948.0,26372.0,0.0
Cora,hidden_mixing_frozen,feature_only,3,0.6803333560625712,0.01189770708621231,0.6689015779635398,0.6803333560625712,0.0,0.75,0.749750018119812,0.0,0.0009999999310821295,0.0009999999310821295,nan,nan,nan,34948.0,25348.0,0.0
Cora,hidden_mixing_frozen,fixed,3,0.6803333560625712,0.01189770708621231,0.6688613484918119,0.6803333560625712,0.0,0.75,0.75,0.0,0.0,0.0,nan,nan,nan,0.0,0.0,0.0
Cora,hidden_mixing_frozen,reliability_only,3,0.6803333560625712,0.01189770708621231,0.6689015779635398,0.6803333560625712,0.0,0.75,0.749750018119812,0.0,0.0009999999310821295,0.0009999999310821295,nan,nan,nan,34948.0,26372.0,0.0
Cora,hidden_mixing_frozen,shuffled_reliability,3,0.6800000270207723,0.011860292636265002,0.6684613811718573,0.6803333560625712,-0.0003333290417989095,0.75,0.7519458134969076,0.0023178583942353725,0.005337013086924951,0.01270814472809434,0.0034292541765313283,-0.031103930443725503,-0.5314422487973312,34948.0,26372.0,0.0
Cora,hidden_mixing_frozen,zero_reliability,3,0.6803333560625712,0.01189770708621231,0.6689015779635398,0.6803333560625712,0.0,0.75,0.749750018119812,0.0,0.0009999999310821295,0.0009999999310821295,nan,nan,nan,34948.0,26372.0,0.0
Cora,residual_alpha,combined,3,0.8056667049725851,0.010498698441526465,0.7944156877267669,0.8023333748181661,0.0033333301544189453,1.0,0.9853175083796183,0.0008895699041507518,0.015262429680054387,0.01655170996673405,0.38728367046976087,0.391319158177645,0.3153631956959736,105090.0,105090.0,0.0
Cora,residual_alpha,combined_constant,3,0.8066667119661967,0.012498896418708633,0.7950644498873669,0.8023333748181661,0.004333337148030599,1.0,0.980192244052887,0.0003023812872318861,0.020451995699356,0.020834867532054584,-0.08783122451650195,0.03505464693006477,nan,105090.0,105090.0,0.0
Cora,residual_alpha,combined_shuffled,3,0.8073333899180094,0.010842304877326497,0.7955858370514632,0.8023333748181661,0.005000015099843343,1.0,0.9800068338712057,0.00107295628307232,0.020635170706858236,0.022472627150515716,-0.03442241679764267,0.023477825395780118,0.3834503963001163,105090.0,105090.0,0.0
Cora,residual_alpha,constant_reliability,3,0.8096666932106018,0.007586540501155408,0.7986802429954667,0.8023333748181661,0.00733331839243571,1.0,0.9805317918459574,0.0,0.02010808528090517,0.02010808528090517,nan,nan,nan,105090.0,13186.0,0.0
Cora,residual_alpha,feature_only,3,0.809000035127004,0.007874007429921878,0.7972323455968368,0.8023333748181661,0.006666660308837891,1.0,0.9751938184102377,0.00043313657079124823,0.025413790717720985,0.025935906916856766,-0.09448966573425781,0.037660413227655384,nan,105090.0,100290.0,0.0
Cora,residual_alpha,fixed,3,0.8023333748181661,0.011556643577463107,0.7933909321884365,0.8023333748181661,0.0,1.0,1.0,0.0,0.0,0.0,nan,nan,nan,0.0,0.0,0.0
Cora,residual_alpha,reliability_only,3,0.8093333641688029,0.006649994084854259,0.7983365328144373,0.8023333748181661,0.0069999893506368,1.0,0.9799108505249023,0.0012279518996365368,0.020720734881858032,0.02246648259460926,0.3168232328889418,0.45135752200557794,0.29598011475774055,105090.0,13186.0,0.0
Cora,residual_alpha,shuffled_reliability,3,0.8080000281333923,0.006976156863013933,0.7972953556688583,0.8023333748181661,0.005666653315226237,1.0,0.9737953543663025,0.0010282181707831721,0.026783321984112263,0.028490419654796522,-0.0008948488240499387,0.012438085294949858,0.3481765754304147,105090.0,13186.0,0.0
Cora,residual_alpha,zero_reliability,3,0.8103333711624146,0.008013886069558412,0.7994731500453118,0.8023333748181661,0.007999996344248453,1.0,0.9810051321983337,0.0,0.019638669521858294,0.019638668435315292,nan,nan,nan,105090.0,13186.0,0.0
Roman-empire,hidden_mixing_finetune,combined,3,0.8340981006622314,0.003727275815493627,0.7864873665343377,0.8182727098464966,0.015825390815734863,0.75,0.7439356446266174,0.026081450904409092,0.031310051679611206,0.09999742358922958,-0.1785965599318743,0.21933068572663159,0.44280583333150425,130646.0,34948.0,95698.0
Roman-empire,hidden_mixing_finetune,combined_constant,3,0.8253323634465536,0.005220368328600091,0.7765815491915213,0.8182727098464966,0.007059653600056966,0.75,0.7498728632926941,0.000711357123994579,0.0013332376644636195,0.0071965483560537296,-0.07081507887479929,-0.020952962255008235,nan,130646.0,34948.0,95698.0
Roman-empire,hidden_mixing_finetune,combined_shuffled,3,0.8243910868962606,0.006886929219260586,0.7742258587622842,0.8182727098464966,0.006118377049763997,0.75,0.7487287521362305,0.006764649723966916,0.004980254879531761,0.09053247918685277,-0.015851497739553105,-0.0355076210391122,-0.274152488522719,130646.0,34948.0,95698.0
Roman-empire,hidden_mixing_finetune,constant_reliability,3,0.8258618315060934,0.0054098560677678315,0.7778191536411591,0.8182727098464966,0.007589121659596761,0.75,0.7499464750289917,0.0001780437984659026,0.0007479125827861329,0.001020490036656459,nan,nan,nan,130646.0,26372.0,95698.0
Roman-empire,hidden_mixing_finetune,feature_only,3,0.8249205549558004,0.007580218110908868,0.7757975736844531,0.8182727098464966,0.006647845109303792,0.75,0.7488810022672018,0.0036960039287805557,0.0023035273576776185,0.0586573655406634,-0.02175138960947662,-0.077505615559949,nan,130646.0,25348.0,95698.0
Roman-empire,hidden_mixing_finetune,fixed,3,0.8255677024523417,0.0055705871802996165,0.7762192755367433,0.8182727098464966,0.007294992605845134,0.75,0.75,0.0,0.0,0.0,nan,nan,nan,95698.0,0.0,95698.0
Roman-empire,hidden_mixing_finetune,reliability_only,3,0.8324508468310038,0.003411169233178712,0.7848290316238297,0.8182727098464966,0.014178136984507242,0.75,0.7421802481015524,0.027555589253703754,0.03225436247885227,0.09997434417406718,-0.17334155800252926,0.2193614174700841,0.46167745085407486,130646.0,26372.0,95698.0
Roman-empire,hidden_mixing_finetune,shuffled_reliability,3,0.8253323634465536,0.006088883429019699,0.7763340480513125,0.8182727098464966,0.007059653600056966,0.75,0.7486748894055685,0.004108260152861476,0.0034726597368717194,0.04877417099972566,-0.0006245137200787599,-0.0035964800414503536,-0.3565953355471162,130646.0,26372.0,95698.0
Roman-empire,hidden_mixing_finetune,zero_reliability,3,0.8254500230153402,0.004016856501125146,0.7748389148386136,0.8182727098464966,0.007177313168843587,0.75,0.7499419252077738,0.00019097303447779268,0.0007868659837792317,0.0010895037557929754,nan,nan,nan,130646.0,26372.0,95698.0
Roman-empire,hidden_mixing_frozen,combined,3,0.821979025999705,0.006318165819984949,0.7686776844502656,0.8182727098464966,0.0037063161532084146,0.75,0.7557391921679179,0.015358650280783573,0.05460029157499472,0.08093628784020741,-0.1318419137289759,-0.18483975765118169,0.014416786519651262,34948.0,34948.0,0.0
Roman-empire,hidden_mixing_frozen,combined_constant,3,0.8186845183372498,0.005430901100122922,0.7652455322974233,0.8182727098464966,0.00041180849075317383,0.75,0.7585374116897583,0.004954408679623157,0.03424647015829881,0.06143706664443016,-0.09038722184027631,0.1480870433367084,nan,34948.0,34948.0,0.0
Roman-empire,hidden_mixing_frozen,combined_shuffled,3,0.8178609013557434,0.006135856896206019,0.7643296377861024,0.8182727098464966,-0.00041180849075317383,0.75,0.7611188689867655,0.008098822552710772,0.0453825518488884,0.08129823704560597,-0.06532582952107294,0.07246600340561563,-0.13134400730161466,34948.0,34948.0,0.0
Roman-empire,hidden_mixing_frozen,constant_reliability,3,0.8191551566123962,0.0055068430357144175,0.7657403384480206,0.8182727098464966,0.0008824467658996582,0.75,0.7594719727834066,0.004689384145118917,0.03790429482857386,0.05665787557760874,nan,nan,nan,34948.0,26372.0,0.0
Roman-empire,hidden_mixing_frozen,feature_only,3,0.8186845183372498,0.005555648875154753,0.7658045151360474,0.8182727098464966,0.00041180849075317383,0.75,0.7620299259821574,0.008144615683704615,0.0490863136947155,0.08251968398690224,-0.04293310880633972,0.06090185552407884,nan,34948.0,25348.0,0.0
Roman-empire,hidden_mixing_frozen,fixed,3,0.8182727098464966,0.0042610472351700835,0.7629485122800012,0.8182727098464966,0.0,0.75,0.75,0.0,0.0,0.0,nan,nan,nan,0.0,0.0,0.0
Roman-empire,hidden_mixing_frozen,reliability_only,3,0.8219790458679199,0.005516262187926647,0.7687211654104377,0.8182727098464966,0.00370633602142334,0.75,0.7610904375712076,0.011481604228417078,0.047443208595116935,0.09991651276747386,0.029655988721510016,-0.11204553633713007,0.09549839066779173,34948.0,26372.0,0.0
Roman-empire,hidden_mixing_frozen,shuffled_reliability,3,0.8188610076904297,0.004980121007757178,0.7651447104441921,0.8182727098464966,0.0005882978439331055,0.75,0.759079376856486,0.004939533343228201,0.037887473280231156,0.0564016525944074,0.009668955821177135,0.0022627336084374288,-0.21199693864005725,34948.0,26372.0,0.0
Roman-empire,hidden_mixing_frozen,zero_reliability,3,0.8192139863967896,0.005516262187926647,0.7657944075914404,0.8182727098464966,0.0009412765502929688,0.75,0.7594667077064514,0.0046996152959764,0.03788298616806666,0.05667766990760962,nan,nan,nan,34948.0,26372.0,0.0
Roman-empire,residual_alpha,combined,3,0.6777856151262919,0.0025467529872635376,0.508017709539724,0.6779032746950785,-0.0001176595687866211,0.5,0.4883497953414917,0.00019545264512998983,0.023918641731142998,0.02486487020117541,0.17861125921047052,0.4493126655312297,0.39402643538511484,32578.0,32578.0,0.0
Roman-empire,residual_alpha,combined_constant,3,0.6777856151262919,0.0024299187747212248,0.5080596696561079,0.6779032746950785,-0.0001176595687866211,0.5,0.48819535970687866,2.1237921676705202e-05,0.0242231593777736,0.024315330122287076,0.04237333373044877,0.020566220608485022,nan,32578.0,32578.0,0.0
Roman-empire,residual_alpha,combined_shuffled,3,0.6778444449106852,0.0024638654344247258,0.5081372780222009,0.6779032746950785,-5.882978439331055e-05,0.5,0.48830562829971313,0.00016919598662449667,0.024006429749230545,0.024775416202222306,0.004729381194485164,-0.014640390372105688,-0.17562249479896969,32578.0,32578.0,0.0
Roman-empire,residual_alpha,constant_reliability,3,0.6776679555575053,0.002369341959216392,0.5077665513688361,0.6779032746950785,-0.0002353191375732422,0.5,0.4874243636926015,0.0,0.025790590482453506,0.025790587766095996,nan,nan,nan,32578.0,13186.0,0.0
Roman-empire,residual_alpha,feature_only,3,0.6779621044794718,0.0026623602246351615,0.5079599203072741,0.6779032746950785,5.882978439331055e-05,0.5,0.49268773198127747,2.2121155173711788e-05,0.015337729671349129,0.015442001400515437,0.1126183988072447,-0.013140664287749043,nan,32578.0,27778.0,0.0
Roman-empire,residual_alpha,fixed,3,0.6779032746950785,0.002871259095546128,0.5067728814662732,0.6779032746950785,0.0,0.5,0.5,0.0,0.0,0.0,nan,nan,nan,0.0,0.0,0.0
Roman-empire,residual_alpha,reliability_only,3,0.6776091257731119,0.002342900982729379,0.507693210701436,0.6779032746950785,-0.00029414892196655273,0.5,0.48710479338963825,0.00016457417465668792,0.026423737561951082,0.02717015806895991,0.24516336239023595,0.33772310276179723,0.25425893552407103,32578.0,13186.0,0.0
Roman-empire,residual_alpha,shuffled_reliability,3,0.6776091257731119,0.002342900982729379,0.507693210701436,0.6779032746950785,-0.00029414892196655273,0.5,0.4870343605677287,0.00015719765845763808,0.0265631719181935,0.02724206424318254,-0.0030539576424187453,-0.015003317841678191,-0.10233273716306748,32578.0,13186.0,0.0
Roman-empire,residual_alpha,zero_reliability,3,0.6776679555575053,0.002369341959216392,0.5077665513688361,0.6779032746950785,-0.0002353191375732422,0.5,0.4874534805615743,0.0,0.025732725548247497,0.02573272034836312,nan,nan,nan,32578.0,13186.0,0.0
Squirrel,hidden_mixing_finetune,combined,3,0.3336535294850667,0.005990494056874418,0.32870654102309554,0.3336535294850667,0.0,0.75,0.7497499585151672,0.0,0.0010000000474974513,0.0009999999310821295,nan,nan,nan,244297.0,34948.0,209349.0
Squirrel,hidden_mixing_finetune,combined_constant,3,0.3339737355709076,0.006092322704226909,0.32773825658718064,0.3336535294850667,0.000320206085840861,0.75,0.749783992767334,5.6934363480346896e-05,0.000859919450401018,0.0011668204873179395,0.08521449596897995,0.017888080577084173,nan,244297.0,34948.0,209349.0
Squirrel,hidden_mixing_finetune,combined_shuffled,3,0.333013117313385,0.005886904833643915,0.32803942425146054,0.3336535294850667,-0.000640412171681722,0.75,0.7456426819165548,0.008435667802890142,0.006501375309502085,0.03399994829669595,0.12434253673692942,0.03200876916782148,0.01772400954876105,244297.0,34948.0,209349.0
Squirrel,hidden_mixing_finetune,constant_reliability,3,0.33237271507581073,0.005921635745982258,0.328276882305309,0.3336535294850667,-0.0012808144092559814,0.75,0.74980761607488,6.0305052708523967e-05,0.0009083585464395583,0.0010051276379575331,nan,nan,nan,244297.0,26372.0,209349.0
Squirrel,hidden_mixing_finetune,feature_only,3,0.33141209681828815,0.0062255040413662695,0.3273741192071622,0.3336535294850667,-0.0022414326667785645,0.75,0.7472614248593649,0.006940821806589763,0.004253179378186663,0.03276866286372145,0.057020773968824226,0.008783465076685017,nan,244297.0,25348.0,209349.0
Squirrel,hidden_mixing_finetune,fixed,3,0.3336535294850667,0.005990494056874418,0.3287330286938822,0.3336535294850667,0.0,0.75,0.75,0.0,0.0,0.0,nan,nan,nan,209349.0,0.0,209349.0
Squirrel,hidden_mixing_finetune,reliability_only,3,0.33269291122754413,0.005886905373989243,0.32753306417048866,0.3336535294850667,-0.000960618257522583,0.75,0.7494100530942281,0.0006103706546127796,0.0014592664471517007,0.003061754318575064,-0.28874215229214445,-0.1972430791425966,0.17494151549539744,244297.0,26372.0,209349.0
Squirrel,hidden_mixing_finetune,shuffled_reliability,3,0.33045147856076557,0.006792582791308733,0.32539662718340395,0.3336535294850667,-0.0032020509243011475,0.75,0.7534524202346802,0.004279299018283685,0.016425646763915818,0.03399343400572737,-0.01460462141177483,-0.013206168711749457,0.3226547544612747,244297.0,26372.0,209349.0
Squirrel,hidden_mixing_finetune,zero_reliability,3,0.33269291122754413,0.005886905373989243,0.32857949277710596,0.3336535294850667,-0.000960618257522583,0.75,0.7498848040898641,0.0001377241472558429,0.00124695241296043,0.0014883220040549834,nan,nan,nan,244297.0,26372.0,209349.0
Squirrel,hidden_mixing_frozen,combined,3,0.3342939416567485,0.002827970080297934,0.33045159713597433,0.3336535294850667,0.000640412171681722,0.75,0.7401843468348185,0.022720398381352425,0.02486080986758073,0.0924559235572815,0.32332250399158324,0.23100151644195976,0.02282142807048871,34948.0,34948.0,0.0
Squirrel,hidden_mixing_frozen,combined_constant,3,0.3336535294850667,0.005990494056874418,0.32870654102309554,0.3336535294850667,0.0,0.75,0.7497499585151672,0.0,0.0010000000474974513,0.0009999999310821295,nan,nan,nan,34948.0,34948.0,0.0
Squirrel,hidden_mixing_frozen,combined_shuffled,3,0.3336535294850667,0.005990494056874418,0.32870654102309554,0.3336535294850667,0.0,0.75,0.7497157255808512,5.655612039845437e-05,0.001059025409631431,0.0011920150136575103,-0.12257863359096646,-0.042525493631214904,0.549973908491872,34948.0,34948.0,0.0
Squirrel,hidden_mixing_frozen,constant_reliability,3,0.3336535294850667,0.005990494056874418,0.32870654102309554,0.3336535294850667,0.0,0.75,0.749730110168457,4.3568332330323756e-05,0.0010340540514638026,0.00111720385029912,nan,nan,nan,34948.0,26372.0,0.0
Squirrel,hidden_mixing_frozen,feature_only,3,0.3336535294850667,0.005990494056874418,0.32870654102309554,0.3336535294850667,0.0,0.75,0.7497301499048868,3.454363710867862e-05,0.0010357205756008625,0.0011075943475589156,-0.24126934209674342,-0.0880422726563494,nan,34948.0,25348.0,0.0
Squirrel,hidden_mixing_frozen,fixed,3,0.3336535294850667,0.005990494056874418,0.3287330286938822,0.3336535294850667,0.0,0.75,0.75,0.0,0.0,0.0,nan,nan,nan,0.0,0.0,0.0
Squirrel,hidden_mixing_frozen,reliability_only,3,0.3342939416567485,0.003594293779133461,0.3299863890471929,0.3336535294850667,0.000640412171681722,0.75,0.7440406282742819,0.020928605770071346,0.022607851463059585,0.08733433236678441,0.3269531012727711,0.20973207931853563,0.017665552478173422,34948.0,26372.0,0.0
Squirrel,hidden_mixing_frozen,shuffled_reliability,3,0.3333333233992259,0.005655953658385924,0.32863964334122325,0.3336535294850667,-0.000320206085840861,0.75,0.7447635332743326,0.009299141388813345,0.00834655148598055,0.03413669167396923,-0.0015368688253236708,0.0025582507203786202,0.409219343735886,34948.0,26372.0,0.0
Squirrel,hidden_mixing_frozen,zero_reliability,3,0.3336535294850667,0.005990494056874418,0.32870654102309554,0.3336535294850667,0.0,0.75,0.7497299313545227,4.351584842273345e-05,0.001034440123476088,0.0011174241080880165,nan,nan,nan,34948.0,26372.0,0.0
Squirrel,residual_alpha,combined,3,0.4505283236503601,0.009541884448005768,0.4404168764344933,0.4575728277365367,-0.007044504086176555,1.0,0.9343070586522421,0.0007565144527082642,0.06596166112770636,0.06711722227434318,0.4176843400910193,0.7070732052849138,0.6101753124013782,147074.0,147074.0,0.0
Squirrel,residual_alpha,combined_constant,3,0.4524495502312978,0.008839051989711758,0.4428394246110628,0.4575728277365367,-0.005123277505238851,1.0,0.9354393680890402,0.00017208784508208433,0.06484357640147209,0.06501135602593422,-0.2856077695394254,-0.0978661299291287,nan,147074.0,147074.0,0.0
Squirrel,residual_alpha,combined_shuffled,3,0.4518091380596161,0.008459717579819738,0.4422151457197809,0.4575728277365367,-0.005763689676920573,1.0,0.9392986496289571,0.0007476101939876875,0.061005163161704935,0.062141768323878445,-0.10020579118697726,-0.025469536766032325,0.6651048954136414,147074.0,147074.0,0.0
Squirrel,residual_alpha,constant_reliability,3,0.4514889319737752,0.00818873793744425,0.44149433853092723,0.4575728277365367,-0.006083895762761434,1.0,0.9321219325065613,0.0,0.06813195658226807,0.06813195658226807,nan,nan,nan,147074.0,13186.0,0.0
Squirrel,residual_alpha,feature_only,3,0.4511687358220418,0.008163662021506233,0.44099307066743015,0.4575728277365367,-0.006404091914494832,1.0,0.9327809810638428,0.0002896893468763058,0.0674766122053067,0.06772016671796639,-0.2622106689197921,-0.08338809600930762,nan,147074.0,142274.0,0.0
Squirrel,residual_alpha,fixed,3,0.4575728277365367,0.012557583296515998,0.4482119024376979,0.4575728277365367,0.0,1.0,1.0,0.0,0.0,0.0,nan,nan,nan,0.0,0.0,0.0
Squirrel,residual_alpha,reliability_only,3,0.4575728277365367,0.013456229175932954,0.44810160695671936,0.4575728277365367,0.0,1.0,0.9589853684107462,0.00046021504128172336,0.04138369357679039,0.04203153704293072,0.5254657665026259,0.7530630491359418,0.6635331588344524,147074.0,13186.0,0.0
Squirrel,residual_alpha,shuffled_reliability,3,0.4524495502312978,0.009045440278039002,0.44252847821268365,0.4575728277365367,-0.005123277505238851,1.0,0.9336994687716166,0.0008754821610637009,0.06654764401415984,0.06768229603767395,-0.0009812813694269151,0.012906762278030932,0.6951702878313677,147074.0,13186.0,0.0
Squirrel,residual_alpha,zero_reliability,3,0.4514889319737752,0.00818873793744425,0.44149433853092723,0.4575728277365367,-0.006083895762761434,1.0,0.9320975740750631,0.0,0.06815616351862748,0.06815616848568122,nan,nan,nan,147074.0,13186.0,0.0
