model,graph_type,seed,best_val_acc,test_acc_at_best_val,elapsed_sec,qk_strength_mean,qk_strength_layer1,qk_strength_layer2,gate_corr_degree,gate_corr_local_similarity,gate_corr_neighbor_variance,gate_corr_rwse_mean,gate_corr_layer1_local_similarity,gate_corr_layer2_local_similarity
mlp,heterophily,0,0.6277777552604675,0.6634920835494995,0.13611125946044922,nan,nan,nan,nan,nan,nan,nan,nan,nan
mlp,heterophily,1,0.6499999761581421,0.6714285612106323,0.10624408721923828,nan,nan,nan,nan,nan,nan,nan,nan,nan
mlp,heterophily,2,0.7388888597488403,0.6380952596664429,0.10460638999938965,nan,nan,nan,nan,nan,nan,nan,nan,nan
mlp,heterophily,3,0.7222222089767456,0.6650793552398682,0.11530017852783203,nan,nan,nan,nan,nan,nan,nan,nan,nan
mlp,heterophily,4,0.6499999761581421,0.5952380895614624,0.14508581161499023,nan,nan,nan,nan,nan,nan,nan,nan,nan
mlp,heterophily,5,0.6666666865348816,0.641269862651825,0.15486526489257812,nan,nan,nan,nan,nan,nan,nan,nan,nan
mlp,heterophily,6,0.7111111283302307,0.6746031641960144,0.1362767219543457,nan,nan,nan,nan,nan,nan,nan,nan,nan
mlp,heterophily,7,0.6333333253860474,0.6650793552398682,0.12667298316955566,nan,nan,nan,nan,nan,nan,nan,nan,nan
mlp,heterophily,8,0.7388888597488403,0.7158730030059814,0.17684149742126465,nan,nan,nan,nan,nan,nan,nan,nan,nan
mlp,heterophily,9,0.6111111044883728,0.620634913444519,0.11223697662353516,nan,nan,nan,nan,nan,nan,nan,nan,nan
gcn,heterophily,0,0.8388888835906982,0.761904776096344,0.853825569152832,nan,nan,nan,nan,nan,nan,nan,nan,nan
gcn,heterophily,1,0.8500000238418579,0.8111110925674438,0.6781110763549805,nan,nan,nan,nan,nan,nan,nan,nan,nan
gcn,heterophily,2,0.8500000238418579,0.8111110925674438,1.1841046810150146,nan,nan,nan,nan,nan,nan,nan,nan,nan
gcn,heterophily,3,0.8333333134651184,0.7777777910232544,1.242363691329956,nan,nan,nan,nan,nan,nan,nan,nan,nan
gcn,heterophily,4,0.8388888835906982,0.8079364895820618,0.7652852535247803,nan,nan,nan,nan,nan,nan,nan,nan,nan
gcn,heterophily,5,0.800000011920929,0.7730158567428589,0.6046924591064453,nan,nan,nan,nan,nan,nan,nan,nan,nan
gcn,heterophily,6,0.8722222447395325,0.8206349015235901,0.6016380786895752,nan,nan,nan,nan,nan,nan,nan,nan,nan
gcn,heterophily,7,0.7888888716697693,0.8301587104797363,0.7435853481292725,nan,nan,nan,nan,nan,nan,nan,nan,nan
gcn,heterophily,8,0.8833333253860474,0.8333333134651184,1.063124656677246,nan,nan,nan,nan,nan,nan,nan,nan,nan
gcn,heterophily,9,0.7777777910232544,0.8190476298332214,0.7388763427734375,nan,nan,nan,nan,nan,nan,nan,nan,nan
linear_gt,heterophily,0,0.8388888835906982,0.817460298538208,4.87464451789856,nan,nan,nan,nan,nan,nan,nan,nan,nan
linear_gt,heterophily,1,0.855555534362793,0.8380952477455139,2.790419578552246,nan,nan,nan,nan,nan,nan,nan,nan,nan
linear_gt,heterophily,2,0.8777777552604675,0.7952380776405334,3.927778720855713,nan,nan,nan,nan,nan,nan,nan,nan,nan
linear_gt,heterophily,3,0.8444444537162781,0.8238095045089722,3.461280345916748,nan,nan,nan,nan,nan,nan,nan,nan,nan
linear_gt,heterophily,4,0.7888888716697693,0.8015872836112976,3.5293710231781006,nan,nan,nan,nan,nan,nan,nan,nan,nan
linear_gt,heterophily,5,0.7777777910232544,0.7428571581840515,2.3291330337524414,nan,nan,nan,nan,nan,nan,nan,nan,nan
linear_gt,heterophily,6,0.8333333134651184,0.8365079164505005,4.990530252456665,nan,nan,nan,nan,nan,nan,nan,nan,nan
linear_gt,heterophily,7,0.8444444537162781,0.858730137348175,4.7550623416900635,nan,nan,nan,nan,nan,nan,nan,nan,nan
linear_gt,heterophily,8,0.8833333253860474,0.855555534362793,4.163712501525879,nan,nan,nan,nan,nan,nan,nan,nan,nan
linear_gt,heterophily,9,0.8444444537162781,0.8365079164505005,4.065695762634277,nan,nan,nan,nan,nan,nan,nan,nan,nan
q_only_gt,heterophily,0,0.8500000238418579,0.8222222328186035,6.065847396850586,0.008134882431477308,0.007973565720021725,0.008296199142932892,nan,nan,nan,nan,nan,nan
q_only_gt,heterophily,1,0.8833333253860474,0.8650793433189392,5.352348804473877,0.007564866216853261,0.0073209586553275585,0.0078087737783789635,nan,nan,nan,nan,nan,nan
q_only_gt,heterophily,2,0.8500000238418579,0.8015872836112976,3.5839107036590576,0.007307934109121561,0.006955411285161972,0.00766045693308115,nan,nan,nan,nan,nan,nan
q_only_gt,heterophily,3,0.8666666746139526,0.8317460417747498,4.026974201202393,0.007134041981771588,0.006989205721765757,0.00727887824177742,nan,nan,nan,nan,nan,nan
q_only_gt,heterophily,4,0.800000011920929,0.7888888716697693,4.381061315536499,0.007020853692665696,0.0068279760889709,0.007213731296360493,nan,nan,nan,nan,nan,nan
q_only_gt,heterophily,5,0.7777777910232544,0.7698412537574768,3.6942758560180664,0.007208903320133686,0.007100138813257217,0.007317667827010155,nan,nan,nan,nan,nan,nan
q_only_gt,heterophily,6,0.8111110925674438,0.8285714387893677,3.924928903579712,0.007179684704169631,0.00691566988825798,0.007443699520081282,nan,nan,nan,nan,nan,nan
q_only_gt,heterophily,7,0.8611111044883728,0.841269850730896,5.519702196121216,0.0072675475385040045,0.007157863117754459,0.00737723195925355,nan,nan,nan,nan,nan,nan
q_only_gt,heterophily,8,0.8611111044883728,0.8650793433189392,4.088345527648926,0.0072782221250236034,0.00698033208027482,0.0075761121697723866,nan,nan,nan,nan,nan,nan
q_only_gt,heterophily,9,0.800000011920929,0.8079364895820618,3.6291751861572266,0.007234351942315698,0.006903311237692833,0.007565392646938562,nan,nan,nan,nan,nan,nan
k_only_gt,heterophily,0,0.8722222447395325,0.817460298538208,6.027478218078613,0.006574615370482206,0.006805030163377523,0.006344200577586889,nan,nan,nan,nan,nan,nan
k_only_gt,heterophily,1,0.8777777552604675,0.8634920716285706,5.508562088012695,0.007084792712703347,0.007321794051676989,0.006847791373729706,nan,nan,nan,nan,nan,nan
k_only_gt,heterophily,2,0.8500000238418579,0.8015872836112976,3.4387598037719727,0.006387051427736878,0.006500785704702139,0.006273317150771618,nan,nan,nan,nan,nan,nan
k_only_gt,heterophily,3,0.8666666746139526,0.8317460417747498,4.068548202514648,0.006525729084387422,0.006442987360060215,0.006608470808714628,nan,nan,nan,nan,nan,nan
k_only_gt,heterophily,4,0.800000011920929,0.7888888716697693,4.680239677429199,0.006530944723635912,0.006775726564228535,0.006286162883043289,nan,nan,nan,nan,nan,nan
k_only_gt,heterophily,5,0.7777777910232544,0.7698412537574768,3.7809503078460693,0.006453428650274873,0.006369537673890591,0.006537319626659155,nan,nan,nan,nan,nan,nan
k_only_gt,heterophily,6,0.8111110925674438,0.8301587104797363,4.117054224014282,0.006201168289408088,0.006307227071374655,0.006095109507441521,nan,nan,nan,nan,nan,nan
k_only_gt,heterophily,7,0.8611111044883728,0.841269850730896,5.736377477645874,0.006166633451357484,0.006128497421741486,0.006204769480973482,nan,nan,nan,nan,nan,nan
k_only_gt,heterophily,8,0.8777777552604675,0.8730158805847168,6.295714378356934,0.006594154052436352,0.006774019915610552,0.006414288189262152,nan,nan,nan,nan,nan,nan
k_only_gt,heterophily,9,0.7944444417953491,0.8111110925674438,3.704388380050659,0.006539284018799663,0.0064530810341238976,0.006625487003475428,nan,nan,nan,nan,nan,nan
qk_gt,heterophily,0,0.8666666746139526,0.8222222328186035,6.294694185256958,0.007155740633606911,0.007294959854334593,0.007016521412879229,nan,nan,nan,nan,nan,nan
qk_gt,heterophily,1,0.8833333253860474,0.8650793433189392,5.666381597518921,0.0074677313677966595,0.007525143213570118,0.007410319522023201,nan,nan,nan,nan,nan,nan
qk_gt,heterophily,2,0.8500000238418579,0.8015872836112976,3.602747917175293,0.006803244585171342,0.006603758316487074,0.00700273085385561,nan,nan,nan,nan,nan,nan
qk_gt,heterophily,3,0.8666666746139526,0.8333333134651184,4.2145836353302,0.006720521720126271,0.006571096833795309,0.006869946606457233,nan,nan,nan,nan,nan,nan
qk_gt,heterophily,4,0.800000011920929,0.7873015999794006,4.636343240737915,0.0067372608464211226,0.006817223504185677,0.0066572981886565685,nan,nan,nan,nan,nan,nan
qk_gt,heterophily,5,0.7777777910232544,0.7698412537574768,3.8452699184417725,0.006750108441337943,0.006537549197673798,0.0069626676850020885,nan,nan,nan,nan,nan,nan
qk_gt,heterophily,6,0.8111110925674438,0.8301587104797363,4.1362998485565186,0.006568046752363443,0.006434601731598377,0.0067014917731285095,nan,nan,nan,nan,nan,nan
qk_gt,heterophily,7,0.8611111044883728,0.841269850730896,5.784007549285889,0.0064477804116904736,0.006267122458666563,0.006628438364714384,nan,nan,nan,nan,nan,nan
qk_gt,heterophily,8,0.8777777552604675,0.8761904835700989,6.163612365722656,0.006899089319631457,0.006856773514300585,0.00694140512496233,nan,nan,nan,nan,nan,nan
qk_gt,heterophily,9,0.800000011920929,0.8079364895820618,3.778768301010132,0.006824194453656673,0.0065599591471254826,0.007088429760187864,nan,nan,nan,nan,nan,nan
gate_gt,heterophily,0,0.8722222447395325,0.8333333134651184,2.8293471336364746,nan,nan,nan,-0.46497647466466197,-0.15255947318092752,-0.267893720651136,-0.3741793956938338,-0.23621599742544463,-0.06594430124498578
gate_gt,heterophily,1,0.8833333253860474,0.8571428656578064,3.3949122428894043,nan,nan,nan,-0.03418916806561698,0.37749634370683,-0.1846879210803813,-0.14187048506402591,0.295400268456257,0.15575317203850034
gate_gt,heterophily,2,0.8999999761581421,0.8349206447601318,4.126224756240845,nan,nan,nan,-0.04988531755005872,0.06237257096461244,0.02189011464207289,-0.4065851326551276,0.1344355053543632,0.032993475873373306
gate_gt,heterophily,3,0.9111111164093018,0.8698412775993347,4.277826547622681,nan,nan,nan,-0.05348721075318683,0.30376187165693763,0.1589524917779589,-0.19923247624387397,0.3252322411095424,0.20607973203335722
gate_gt,heterophily,4,0.855555534362793,0.8126984238624573,4.486368894577026,nan,nan,nan,-0.06575615257809939,-0.017922086292153836,0.2604065490339025,-0.26649088152397465,-0.03528572384898645,-0.0070842194910861345
gate_gt,heterophily,5,0.8111110925674438,0.8222222328186035,2.847682476043701,nan,nan,nan,0.033659975480949976,0.13728398766149058,-0.5522773847999687,-0.010071806707353312,0.05513931413653795,0.15448919162311464
gate_gt,heterophily,6,0.8999999761581421,0.8714285492897034,5.982889175415039,nan,nan,nan,0.03760443086000855,0.1789758091848394,0.0010803773127157168,-0.017312855830911193,0.3873660739421738,-0.17134799489672306
gate_gt,heterophily,7,0.8611111044883728,0.8444444537162781,3.4070470333099365,nan,nan,nan,-0.17570507946414832,-0.039792156740633536,-0.2720234603801531,0.034074457381128354,-0.297006687529565,0.09267295946219022
gate_gt,heterophily,8,0.9222221970558167,0.9095237851142883,5.006369113922119,nan,nan,nan,-0.26470542278819253,-0.2579046857414904,-0.6011477906643785,-0.010153210056625466,-0.3381636767985472,-0.14523225721352967
gate_gt,heterophily,9,0.8277778029441833,0.8634920716285706,3.404372215270996,nan,nan,nan,-0.04855396381552388,0.27134934130237087,-0.15429163021556708,-0.16151651717171014,0.1703120005865961,0.20673906055886915
reliability_gt,heterophily,0,0.9166666865348816,0.8126984238624573,8.730068683624268,0.006754641886800528,0.006591282319277525,0.00691800145432353,0.4274647112998534,-0.18167433085122547,0.3265936488234042,0.02956219243910232,-0.03453000200657484,-0.1725946736454215
reliability_gt,heterophily,1,0.9166666865348816,0.89682537317276,9.063055753707886,0.006757180439308286,0.006589197553694248,0.006925163324922323,0.003311134039406092,-0.0793176655891439,0.05558433075017746,0.17152351231467533,-0.12463877554833855,-0.018570969569328247
reliability_gt,heterophily,2,0.8888888955116272,0.8333333134651184,3.324535608291626,0.006906295428052545,0.006654751021414995,0.007157839834690094,0.1369053979275382,0.01958134186827525,0.25772596405193854,0.012475889457748265,-0.0063387176641665635,0.022852351662400166
reliability_gt,heterophily,3,0.8833333253860474,0.8714285492897034,2.7325284481048584,0.0068436176516115665,0.006634271237999201,0.007052964065223932,-0.07368643476682009,0.04831391262691377,0.07733462693948882,0.11358419566988988,-0.06565239130213854,0.05517263984380212
reliability_gt,heterophily,4,0.855555534362793,0.8238095045089722,2.7236084938049316,0.006734673632308841,0.006613691337406635,0.006855655927211046,0.04497448655697289,0.08572840243436688,-0.04054511981929821,0.008125459542489246,0.5141749461242208,-0.0389677237220353
reliability_gt,heterophily,5,0.8277778029441833,0.8444444537162781,4.458125114440918,0.0067583066411316395,0.006756755989044905,0.006759857293218374,0.1536239356598922,0.24124843139947608,0.4029235922648546,-0.08266871231524824,0.2384566472677947,0.060546990645846815
reliability_gt,heterophily,6,0.8500000238418579,0.8492063283920288,3.4743146896362305,0.0067333674523979425,0.00660379882901907,0.006862936075776815,-0.14667025770781864,-0.24220309208414634,0.024657998719429974,-0.1762518423528976,-0.25479244565782333,-0.008560262116237723
reliability_gt,heterophily,7,0.8666666746139526,0.8698412775993347,3.790377140045166,0.006779231829568744,0.006633293814957142,0.0069251698441803455,0.0033790744848298496,0.14199377950935743,-0.11711588041890836,-0.03639063625472296,0.07829595819198415,0.12282508139310337
reliability_gt,heterophily,8,0.8833333253860474,0.8650793433189392,2.5891966819763184,0.006796892266720533,0.006718529853969812,0.006875254679471254,0.13011052182104338,0.3891874153941905,0.4281953343489961,-0.049258141960385284,0.3848840149854861,0.008478004940653438
reliability_gt,heterophily,9,0.8666666746139526,0.8920634984970093,4.742598533630371,0.006698666140437126,0.006516048219054937,0.006881284061819315,0.07911871333445113,0.043710942512619005,0.184249357181462,0.26116954350433663,0.3520568632138343,-0.016259568983317946
mlp,homophily,0,0.6277777552604675,0.6634920835494995,0.11086344718933105,nan,nan,nan,nan,nan,nan,nan,nan,nan
mlp,homophily,1,0.6499999761581421,0.6714285612106323,0.08885836601257324,nan,nan,nan,nan,nan,nan,nan,nan,nan
mlp,homophily,2,0.7388888597488403,0.6380952596664429,0.08686161041259766,nan,nan,nan,nan,nan,nan,nan,nan,nan
mlp,homophily,3,0.7222222089767456,0.6650793552398682,0.09565305709838867,nan,nan,nan,nan,nan,nan,nan,nan,nan
mlp,homophily,4,0.6499999761581421,0.5952380895614624,0.11996936798095703,nan,nan,nan,nan,nan,nan,nan,nan,nan
mlp,homophily,5,0.6666666865348816,0.641269862651825,0.13156795501708984,nan,nan,nan,nan,nan,nan,nan,nan,nan
mlp,homophily,6,0.7111111283302307,0.6746031641960144,0.11783051490783691,nan,nan,nan,nan,nan,nan,nan,nan,nan
mlp,homophily,7,0.6333333253860474,0.6650793552398682,0.10846734046936035,nan,nan,nan,nan,nan,nan,nan,nan,nan
mlp,homophily,8,0.7388888597488403,0.7158730030059814,0.15210866928100586,nan,nan,nan,nan,nan,nan,nan,nan,nan
mlp,homophily,9,0.6111111044883728,0.620634913444519,0.09497284889221191,nan,nan,nan,nan,nan,nan,nan,nan,nan
gcn,homophily,0,1.0,0.9984126687049866,0.4024341106414795,nan,nan,nan,nan,nan,nan,nan,nan,nan
gcn,homophily,1,0.9944444298744202,0.9984126687049866,0.5548789501190186,nan,nan,nan,nan,nan,nan,nan,nan,nan
gcn,homophily,2,0.9944444298744202,0.9968253970146179,0.5027158260345459,nan,nan,nan,nan,nan,nan,nan,nan,nan
gcn,homophily,3,1.0,0.9968253970146179,0.3779408931732178,nan,nan,nan,nan,nan,nan,nan,nan,nan
gcn,homophily,4,1.0,0.9920634627342224,0.3997311592102051,nan,nan,nan,nan,nan,nan,nan,nan,nan
gcn,homophily,5,1.0,0.9968253970146179,0.7275803089141846,nan,nan,nan,nan,nan,nan,nan,nan,nan
gcn,homophily,6,1.0,0.9984126687049866,0.47456979751586914,nan,nan,nan,nan,nan,nan,nan,nan,nan
gcn,homophily,7,1.0,0.9952380657196045,0.37238502502441406,nan,nan,nan,nan,nan,nan,nan,nan,nan
gcn,homophily,8,1.0,0.9936507940292358,0.4313523769378662,nan,nan,nan,nan,nan,nan,nan,nan,nan
gcn,homophily,9,0.9944444298744202,0.9888888597488403,0.41374826431274414,nan,nan,nan,nan,nan,nan,nan,nan,nan
linear_gt,homophily,0,0.9555555582046509,0.9396825432777405,5.124521970748901,nan,nan,nan,nan,nan,nan,nan,nan,nan
linear_gt,homophily,1,0.9333333373069763,0.9428571462631226,2.2177748680114746,nan,nan,nan,nan,nan,nan,nan,nan,nan
linear_gt,homophily,2,0.9444444179534912,0.9285714030265808,1.8843328952789307,nan,nan,nan,nan,nan,nan,nan,nan,nan
linear_gt,homophily,3,0.9611111283302307,0.9111111164093018,2.833933115005493,nan,nan,nan,nan,nan,nan,nan,nan,nan
linear_gt,homophily,4,0.894444465637207,0.8666666746139526,2.562436103820801,nan,nan,nan,nan,nan,nan,nan,nan,nan
linear_gt,homophily,5,0.9166666865348816,0.8920634984970093,3.2139780521392822,nan,nan,nan,nan,nan,nan,nan,nan,nan
linear_gt,homophily,6,0.9333333373069763,0.8999999761581421,1.8249609470367432,nan,nan,nan,nan,nan,nan,nan,nan,nan
linear_gt,homophily,7,0.9611111283302307,0.9460317492485046,5.000241994857788,nan,nan,nan,nan,nan,nan,nan,nan,nan
linear_gt,homophily,8,0.9555555582046509,0.9333333373069763,2.119121551513672,nan,nan,nan,nan,nan,nan,nan,nan,nan
linear_gt,homophily,9,0.9222221970558167,0.9222221970558167,1.9097745418548584,nan,nan,nan,nan,nan,nan,nan,nan,nan
q_only_gt,homophily,0,0.9222221970558167,0.9174603223800659,4.796748161315918,0.007971876533702016,0.006948356982320547,0.008995396085083485,nan,nan,nan,nan,nan,nan
q_only_gt,homophily,1,0.9222221970558167,0.9428571462631226,3.4445438385009766,0.007078208262100816,0.006747580599039793,0.0074088359251618385,nan,nan,nan,nan,nan,nan
q_only_gt,homophily,2,0.9333333373069763,0.9158729910850525,2.2839345932006836,0.0070976831484586,0.006909296847879887,0.0072860694490373135,nan,nan,nan,nan,nan,nan
q_only_gt,homophily,3,0.9666666388511658,0.9190475940704346,2.814863443374634,0.0068641088437289,0.006779768504202366,0.006948449183255434,nan,nan,nan,nan,nan,nan
q_only_gt,homophily,4,0.9333333373069763,0.9174603223800659,4.978195667266846,0.007156612118706107,0.006769068073481321,0.007544156163930893,nan,nan,nan,nan,nan,nan
q_only_gt,homophily,5,0.9111111164093018,0.9126983880996704,2.180410861968994,0.00715353456325829,0.006978520657867193,0.007328548468649387,nan,nan,nan,nan,nan,nan
q_only_gt,homophily,6,0.9611111283302307,0.9412698149681091,5.545745134353638,0.007187404669821262,0.006959816440939903,0.0074149928987026215,nan,nan,nan,nan,nan,nan
q_only_gt,homophily,7,0.949999988079071,0.9285714030265808,4.180818319320679,0.007438743952661753,0.006859303452074528,0.008018184453248978,nan,nan,nan,nan,nan,nan
q_only_gt,homophily,8,0.9722222089767456,0.9571428298950195,4.579817295074463,0.0067034808453172445,0.006757120601832867,0.006649841088801622,nan,nan,nan,nan,nan,nan
q_only_gt,homophily,9,0.9555555582046509,0.9396825432777405,3.5383591651916504,0.0069584238808602095,0.006806808989495039,0.00711003877222538,nan,nan,nan,nan,nan,nan
k_only_gt,homophily,0,0.9222221970558167,0.920634925365448,5.391405820846558,0.0065031221602112055,0.006631864700466394,0.0063743796199560165,nan,nan,nan,nan,nan,nan
k_only_gt,homophily,1,0.9222221970558167,0.9428571462631226,3.6281466484069824,0.006648128619417548,0.006738833151757717,0.006557424087077379,nan,nan,nan,nan,nan,nan
k_only_gt,homophily,2,0.9333333373069763,0.9158729910850525,2.341179132461548,0.0066738915629684925,0.0066363392397761345,0.0067114438861608505,nan,nan,nan,nan,nan,nan
k_only_gt,homophily,3,0.9666666388511658,0.9190475940704346,2.8488569259643555,0.006574114318937063,0.006459072697907686,0.00668915593996644,nan,nan,nan,nan,nan,nan
k_only_gt,homophily,4,0.9333333373069763,0.9174603223800659,5.006283760070801,0.006551092490553856,0.00662020780146122,0.006481977179646492,nan,nan,nan,nan,nan,nan
k_only_gt,homophily,5,0.9111111164093018,0.9111111164093018,2.1945600509643555,0.00643124314956367,0.006509553175419569,0.006352933123707771,nan,nan,nan,nan,nan,nan
k_only_gt,homophily,6,0.9611111283302307,0.9412698149681091,4.59832239151001,0.006389291491359472,0.006588001735508442,0.006190581247210503,nan,nan,nan,nan,nan,nan
k_only_gt,homophily,7,0.949999988079071,0.9285714030265808,3.763658285140991,0.006409127498045564,0.006517665460705757,0.00630058953538537,nan,nan,nan,nan,nan,nan
k_only_gt,homophily,8,0.9722222089767456,0.9571428298950195,4.6670331954956055,0.006516255438327789,0.006389189511537552,0.006643321365118027,nan,nan,nan,nan,nan,nan
k_only_gt,homophily,9,0.9555555582046509,0.9396825432777405,3.9097752571105957,0.0066022195387631655,0.006565506104379892,0.006638932973146439,nan,nan,nan,nan,nan,nan
qk_gt,homophily,0,0.9222221970558167,0.9190475940704346,5.523679733276367,0.007087410194799304,0.006757114082574844,0.007417706307023764,nan,nan,nan,nan,nan,nan
qk_gt,homophily,1,0.9222221970558167,0.9428571462631226,3.7111763954162598,0.006917847087606788,0.006762434728443623,0.007073259446769953,nan,nan,nan,nan,nan,nan
qk_gt,homophily,2,0.9333333373069763,0.9158729910850525,2.511164426803589,0.006916011683642864,0.006737684365361929,0.0070943390019237995,nan,nan,nan,nan,nan,nan
qk_gt,homophily,3,0.9666666388511658,0.9190475940704346,3.5178678035736084,0.006643602391704917,0.006499218288809061,0.006787986494600773,nan,nan,nan,nan,nan,nan
qk_gt,homophily,4,0.9333333373069763,0.9174603223800659,5.795306921005249,0.006755922455340624,0.006643648725003004,0.006868196185678244,nan,nan,nan,nan,nan,nan
qk_gt,homophily,5,0.9111111164093018,0.9111111164093018,2.8968594074249268,0.0067447093315422535,0.006651504896581173,0.006837913766503334,nan,nan,nan,nan,nan,nan
qk_gt,homophily,6,0.9611111283302307,0.9412698149681091,5.406327486038208,0.0066888288129121065,0.006723556201905012,0.006654101423919201,nan,nan,nan,nan,nan,nan
qk_gt,homophily,7,0.949999988079071,0.9285714030265808,4.102913856506348,0.006802547723054886,0.0065817199647426605,0.007023375481367111,nan,nan,nan,nan,nan,nan
qk_gt,homophily,8,0.9722222089767456,0.9571428298950195,5.0899858474731445,0.00653804955072701,0.00639830157160759,0.00667779752984643,nan,nan,nan,nan,nan,nan
qk_gt,homophily,9,0.9555555582046509,0.9396825432777405,4.12912917137146,0.00675668241456151,0.0066134752705693245,0.006899889558553696,nan,nan,nan,nan,nan,nan
gate_gt,homophily,0,0.9833333492279053,0.958730161190033,2.104851722717285,nan,nan,nan,-0.053430597014983656,-0.046471726986194624,0.20961353406980374,0.07881429353242808,-0.13536496660238884,-0.039404904665614846
gate_gt,homophily,1,0.9666666388511658,0.9730158448219299,2.207841157913208,nan,nan,nan,-0.15736286927577608,-0.10284644364142927,0.09383406398802129,-0.35927575575381343,-0.08843825026177378,-0.07541520369109161
gate_gt,homophily,2,0.9722222089767456,0.9555555582046509,2.1036527156829834,nan,nan,nan,0.02647440176631379,-0.11851131510343738,0.10760865387898855,-0.19641974480849764,-0.17176193398661244,-0.11805467240573152
gate_gt,homophily,3,0.9944444298744202,0.9555555582046509,2.8402624130249023,nan,nan,nan,-0.1016149621474521,0.016130977952753967,-0.094863686439224,-0.09658979252074794,0.1937501716604908,-0.01817741813941772
gate_gt,homophily,4,0.9555555582046509,0.9507936239242554,3.4093759059906006,nan,nan,nan,0.17785726435150234,0.03932609164244717,0.10135230690117797,-0.19986709286345766,0.3432871907681409,0.03419386295742224
gate_gt,homophily,5,0.9555555582046509,0.938095211982727,2.473487138748169,nan,nan,nan,0.18982482851977003,-0.006295971572314694,0.21783108896513556,-0.6490779679884241,-0.007323288604839782,0.0588776732990766
gate_gt,homophily,6,0.9888888597488403,0.9777777791023254,2.7459006309509277,nan,nan,nan,-0.19187223066265843,-0.0659186097871617,-0.3008572215939822,0.07919150189722447,-0.03720284444444698,-0.0652372140918241
gate_gt,homophily,7,0.9888888597488403,0.9777777791023254,2.9131858348846436,nan,nan,nan,0.14466775505655302,-0.054185740765612674,-0.06095141891242029,0.4651819881327922,-0.0522015811930794,-0.030541238995882885
gate_gt,homophily,8,0.9888888597488403,0.9873015880584717,3.2914164066314697,nan,nan,nan,-0.23611391535016127,-0.08950070969793249,-0.026249629872105797,0.038413922549446575,-0.2405558884363579,-0.05752597393862892
gate_gt,homophily,9,0.9888888597488403,0.9825396537780762,2.8996527194976807,nan,nan,nan,-0.1553781754288311,-0.04909297680289508,-0.06478112249608058,-0.12986032935371206,0.2192380336974392,-0.054942839719717924
reliability_gt,homophily,0,0.9888888597488403,0.9650793671607971,2.9349422454833984,0.006760523421689868,0.006586994044482708,0.006934052798897028,-0.1030160032722172,-0.051026232645036036,-0.22519075157019808,-0.276662301319255,0.16391125773182255,-0.11846640859312894
reliability_gt,homophily,1,0.9611111283302307,0.9825396537780762,3.116361141204834,0.006775685818865895,0.006592022720724344,0.006959348917007446,-0.11958372973705994,-0.10649617974747318,0.024069616331712212,-0.055916304801484615,-0.0811933682156938,-0.10274995456407907
reliability_gt,homophily,2,0.9777777791023254,0.9730158448219299,3.053262948989868,0.00675017898902297,0.0066617801785469055,0.006838577799499035,0.09026217690523626,0.0051695739336984434,0.07550403680604692,-0.014201512318887357,-0.14306336422765423,0.008564952435786314
reliability_gt,homophily,3,0.9944444298744202,0.9746031761169434,2.9417884349823,0.0068830521777272224,0.006737732328474522,0.007028372026979923,-0.21601871418685775,0.02622362255843853,-0.17639057020916657,-0.016747184226692104,-0.04572660785585605,0.026514351865091587
reliability_gt,homophily,4,0.9722222089767456,0.9476190209388733,2.489893913269043,0.00688407733105123,0.00666060671210289,0.007107547949999571,-0.06374524528708116,-0.1122562883132992,0.020302377459837616,0.10441143528096583,0.2734012935135917,-0.11324864018583063
reliability_gt,homophily,5,0.9777777791023254,0.9777777791023254,4.277847051620483,0.006757716415449977,0.00671748910099268,0.006797943729907274,-0.05166688991143579,-0.010607167865914032,0.1264485732479309,-0.17929418429674937,0.059553249677297145,-0.04384623989737783
reliability_gt,homophily,6,0.9777777791023254,0.958730161190033,4.420604467391968,0.006714462535455823,0.006519373506307602,0.006909551564604044,-0.0709964924332358,-0.21320178234241435,-0.0868422752690498,0.08897633324977301,-0.2608610741778481,-0.09892426651547766
reliability_gt,homophily,7,0.9888888597488403,0.9809523820877075,3.2391197681427,0.006881741341203451,0.006657402031123638,0.007106080651283264,0.014130171000058731,-0.07052001279102936,0.02948644524716399,-0.12970013533386834,0.08034156977443649,-0.0706104577737782
reliability_gt,homophily,8,0.9888888597488403,0.9730158448219299,2.6843221187591553,0.006879899417981505,0.006646390073001385,0.007113408762961626,-0.05149834044242125,-0.029889796038844778,-0.09133373585564873,-0.11030247403747068,0.19893762017750724,-0.030980373730649276
reliability_gt,homophily,9,0.9833333492279053,0.9746031761169434,3.374788761138916,0.00663129985332489,0.006571644451469183,0.006690955255180597,-0.15245833456579294,0.04395102921677393,-0.019847543175334856,0.07480607829634989,0.12476568101878309,0.022005997499562533
mlp,noisy,0,0.5444444417953491,0.5746031999588013,0.10492539405822754,nan,nan,nan,nan,nan,nan,nan,nan,nan
mlp,noisy,1,0.550000011920929,0.5809524059295654,0.09452390670776367,nan,nan,nan,nan,nan,nan,nan,nan,nan
mlp,noisy,2,0.6666666865348816,0.5539682507514954,0.09660816192626953,nan,nan,nan,nan,nan,nan,nan,nan,nan
mlp,noisy,3,0.6333333253860474,0.5603174567222595,0.1240243911743164,nan,nan,nan,nan,nan,nan,nan,nan,nan
mlp,noisy,4,0.5611110925674438,0.5158730149269104,0.10349035263061523,nan,nan,nan,nan,nan,nan,nan,nan,nan
mlp,noisy,5,0.5222222208976746,0.5174603462219238,0.09408092498779297,nan,nan,nan,nan,nan,nan,nan,nan,nan
mlp,noisy,6,0.644444465637207,0.5666666626930237,0.15946173667907715,nan,nan,nan,nan,nan,nan,nan,nan,nan
mlp,noisy,7,0.5888888835906982,0.60317462682724,0.11983442306518555,nan,nan,nan,nan,nan,nan,nan,nan,nan
mlp,noisy,8,0.5944444537162781,0.6126984357833862,0.11921191215515137,nan,nan,nan,nan,nan,nan,nan,nan,nan
mlp,noisy,9,0.5388888716697693,0.5523809790611267,0.12256598472595215,nan,nan,nan,nan,nan,nan,nan,nan,nan
gcn,noisy,0,0.8222222328186035,0.8047618865966797,1.7841136455535889,nan,nan,nan,nan,nan,nan,nan,nan,nan
gcn,noisy,1,0.7444444298744202,0.8222222328186035,0.9738805294036865,nan,nan,nan,nan,nan,nan,nan,nan,nan
gcn,noisy,2,0.8166666626930237,0.7857142686843872,1.510786533355713,nan,nan,nan,nan,nan,nan,nan,nan,nan
gcn,noisy,3,0.8111110925674438,0.7809523940086365,1.2862873077392578,nan,nan,nan,nan,nan,nan,nan,nan,nan
gcn,noisy,4,0.7611111402511597,0.7777777910232544,1.228581428527832,nan,nan,nan,nan,nan,nan,nan,nan,nan
gcn,noisy,5,0.7944444417953491,0.7698412537574768,2.432738780975342,nan,nan,nan,nan,nan,nan,nan,nan,nan
gcn,noisy,6,0.8444444537162781,0.7539682388305664,1.2402150630950928,nan,nan,nan,nan,nan,nan,nan,nan,nan
gcn,noisy,7,0.800000011920929,0.8063492178916931,1.2796392440795898,nan,nan,nan,nan,nan,nan,nan,nan,nan
gcn,noisy,8,0.8222222328186035,0.7555555701255798,1.9813086986541748,nan,nan,nan,nan,nan,nan,nan,nan,nan
gcn,noisy,9,0.8500000238418579,0.8238095045089722,1.2692744731903076,nan,nan,nan,nan,nan,nan,nan,nan,nan
linear_gt,noisy,0,0.6166666746139526,0.5666666626930237,3.6876537799835205,nan,nan,nan,nan,nan,nan,nan,nan,nan
linear_gt,noisy,1,0.6555555462837219,0.644444465637207,2.9728739261627197,nan,nan,nan,nan,nan,nan,nan,nan,nan
linear_gt,noisy,2,0.6777777671813965,0.6111111044883728,2.4966559410095215,nan,nan,nan,nan,nan,nan,nan,nan,nan
linear_gt,noisy,3,0.6666666865348816,0.6095238327980042,3.75858473777771,nan,nan,nan,nan,nan,nan,nan,nan,nan
linear_gt,noisy,4,0.5444444417953491,0.4920634925365448,1.6881120204925537,nan,nan,nan,nan,nan,nan,nan,nan,nan
linear_gt,noisy,5,0.605555534362793,0.5730158686637878,5.071280241012573,nan,nan,nan,nan,nan,nan,nan,nan,nan
linear_gt,noisy,6,0.699999988079071,0.6000000238418579,3.8309919834136963,nan,nan,nan,nan,nan,nan,nan,nan,nan
linear_gt,noisy,7,0.644444465637207,0.6253968477249146,2.365351676940918,nan,nan,nan,nan,nan,nan,nan,nan,nan
linear_gt,noisy,8,0.6333333253860474,0.6714285612106323,3.4284443855285645,nan,nan,nan,nan,nan,nan,nan,nan,nan
linear_gt,noisy,9,0.6277777552604675,0.6190476417541504,4.935400009155273,nan,nan,nan,nan,nan,nan,nan,nan,nan
q_only_gt,noisy,0,0.5888888835906982,0.5349206328392029,4.646349906921387,0.007705956697463989,0.0072365207597613335,0.008175392635166645,nan,nan,nan,nan,nan,nan
q_only_gt,noisy,1,0.6611111164093018,0.6492063403129578,2.8699891567230225,0.007100669899955392,0.006816554814577103,0.007384784985333681,nan,nan,nan,nan,nan,nan
q_only_gt,noisy,2,0.6499999761581421,0.6095238327980042,2.003145217895508,0.006917180959135294,0.00684800511226058,0.006986356806010008,nan,nan,nan,nan,nan,nan
q_only_gt,noisy,3,0.6944444179534912,0.620634913444519,3.580387592315674,0.007360192248597741,0.007206784561276436,0.007513599935919046,nan,nan,nan,nan,nan,nan
q_only_gt,noisy,4,0.5277777910232544,0.5285714268684387,2.139633893966675,0.006890584249049425,0.006773057393729687,0.0070081111043691635,nan,nan,nan,nan,nan,nan
q_only_gt,noisy,5,0.5888888835906982,0.5761904716491699,4.5554399490356445,0.007753537967801094,0.007486516609787941,0.008020559325814247,nan,nan,nan,nan,nan,nan
q_only_gt,noisy,6,0.699999988079071,0.5952380895614624,3.806826114654541,0.007201678119599819,0.007022404577583075,0.007380951661616564,nan,nan,nan,nan,nan,nan
q_only_gt,noisy,7,0.6277777552604675,0.6238095164299011,2.0890679359436035,0.006932275136932731,0.006821537856012583,0.007043012417852879,nan,nan,nan,nan,nan,nan
q_only_gt,noisy,8,0.6722221970558167,0.6650793552398682,4.02077317237854,0.007584371836856008,0.007016737479716539,0.008152006193995476,nan,nan,nan,nan,nan,nan
q_only_gt,noisy,9,0.6166666746139526,0.5888888835906982,2.675294876098633,0.007129239849746227,0.006913522258400917,0.0073449574410915375,nan,nan,nan,nan,nan,nan
k_only_gt,noisy,0,0.5944444537162781,0.5634920597076416,5.885204315185547,0.006551243597641587,0.0068336306139826775,0.006268856581300497,nan,nan,nan,nan,nan,nan
k_only_gt,noisy,1,0.6611111164093018,0.6492063403129578,2.9104528427124023,0.006553386803716421,0.0066055008210241795,0.006501272786408663,nan,nan,nan,nan,nan,nan
k_only_gt,noisy,2,0.6499999761581421,0.6095238327980042,2.00482177734375,0.006670908536761999,0.006639782339334488,0.00670203473418951,nan,nan,nan,nan,nan,nan
k_only_gt,noisy,3,0.6944444179534912,0.620634913444519,3.5946309566497803,0.006653638323768973,0.006429814267903566,0.00687746237963438,nan,nan,nan,nan,nan,nan
k_only_gt,noisy,4,0.5277777910232544,0.5285714268684387,2.0686349868774414,0.006657994352281094,0.006620756350457668,0.006695232354104519,nan,nan,nan,nan,nan,nan
k_only_gt,noisy,5,0.5888888835906982,0.5761904716491699,4.586479663848877,0.006803669035434723,0.006724447477608919,0.006882890593260527,nan,nan,nan,nan,nan,nan
k_only_gt,noisy,6,0.7055555582046509,0.5984126925468445,5.669717788696289,0.007080686278641224,0.00718053849413991,0.006980834063142538,nan,nan,nan,nan,nan,nan
k_only_gt,noisy,7,0.6277777552604675,0.6238095164299011,2.0825886726379395,0.006552533945068717,0.00651747127994895,0.006587596610188484,nan,nan,nan,nan,nan,nan
k_only_gt,noisy,8,0.6722221970558167,0.6634920835494995,4.02657413482666,0.006544682430103421,0.006595436949282885,0.006493927910923958,nan,nan,nan,nan,nan,nan
k_only_gt,noisy,9,0.6166666746139526,0.5888888835906982,2.6778433322906494,0.006614583777263761,0.006585418712347746,0.006643748842179775,nan,nan,nan,nan,nan,nan
qk_gt,noisy,0,0.5888888835906982,0.5349206328392029,4.602583646774292,0.006864294409751892,0.006801824551075697,0.006926764268428087,nan,nan,nan,nan,nan,nan
qk_gt,noisy,1,0.6611111164093018,0.6492063403129578,2.9357118606567383,0.006768928142264485,0.006661767605692148,0.0068760886788368225,nan,nan,nan,nan,nan,nan
qk_gt,noisy,2,0.6499999761581421,0.6095238327980042,2.049975872039795,0.006800608476623893,0.006724979262799025,0.006876237690448761,nan,nan,nan,nan,nan,nan
qk_gt,noisy,3,0.6944444179534912,0.620634913444519,3.6393043994903564,0.006902552908286452,0.006636200938373804,0.0071689048781991005,nan,nan,nan,nan,nan,nan
qk_gt,noisy,4,0.5277777910232544,0.5285714268684387,2.1148054599761963,0.006760807242244482,0.006650893483310938,0.006870721001178026,nan,nan,nan,nan,nan,nan
qk_gt,noisy,5,0.5944444537162781,0.5555555820465088,5.772757053375244,0.00738154212012887,0.007086614146828651,0.007676470093429089,nan,nan,nan,nan,nan,nan
qk_gt,noisy,6,0.6944444179534912,0.5936508178710938,5.803421258926392,0.007532255491241813,0.007318831514567137,0.007745679467916489,nan,nan,nan,nan,nan,nan
qk_gt,noisy,7,0.6277777552604675,0.6238095164299011,2.1234493255615234,0.006685990607365966,0.006570334080606699,0.006801647134125233,nan,nan,nan,nan,nan,nan
qk_gt,noisy,8,0.6722221970558167,0.6634920835494995,4.150130033493042,0.0069857442285865545,0.00668835686519742,0.007283131591975689,nan,nan,nan,nan,nan,nan
qk_gt,noisy,9,0.6166666746139526,0.5888888835906982,2.738428831100464,0.0068380574230104685,0.006639395374804735,0.007036719471216202,nan,nan,nan,nan,nan,nan
gate_gt,noisy,0,0.5777778029441833,0.5539682507514954,3.033653497695923,nan,nan,nan,-0.4364340716326286,-0.15421337664950852,-0.2413026627702124,-0.43751252482605607,-0.18950015563401926,-0.11447978433048474
gate_gt,noisy,1,0.6388888955116272,0.6333333253860474,2.5012998580932617,nan,nan,nan,0.11010960911510598,0.5244863752457165,-0.2349197036083522,0.25638331916559287,0.47742718440732446,0.25311880126363295
gate_gt,noisy,2,0.6611111164093018,0.6222222447395325,2.666455030441284,nan,nan,nan,0.16490708558324357,-0.02436456557703793,0.0020278628780444445,-0.12002724934430327,0.10845889021934287,-0.06294390816607448
gate_gt,noisy,3,0.6833333373069763,0.6523809432983398,3.277103900909424,nan,nan,nan,-0.5373158548840711,0.12205265161047228,0.017434599078368907,-0.4243782807774388,-0.2541626687731654,0.34408955111577677
gate_gt,noisy,4,0.5777778029441833,0.5269841551780701,2.0772953033447266,nan,nan,nan,0.22580118834435348,-0.2306976019707797,-0.10870784476736484,-0.04076546798663685,-0.4193071305020083,-0.12897714124457205
gate_gt,noisy,5,0.6111111044883728,0.5603174567222595,2.4968080520629883,nan,nan,nan,-0.007707694424092164,-0.07213915648759155,-0.399899329582179,0.0861433666969643,-0.21171075315246987,0.1370110982052887
gate_gt,noisy,6,0.7277777791023254,0.617460310459137,5.338289260864258,nan,nan,nan,-0.11194630201668186,-0.08517228736156955,0.301714734498838,0.06453846828373645,-0.10796673487020855,-0.05206853712461326
gate_gt,noisy,7,0.6388888955116272,0.6047618985176086,2.542098045349121,nan,nan,nan,-0.39590389648414415,-0.15206680578245632,0.159542349812453,-0.384939078818609,0.10455470971190552,-0.20991381238229237
gate_gt,noisy,8,0.6722221970558167,0.6507936716079712,2.41896915435791,nan,nan,nan,0.008990411269778713,-0.2914629048710021,-0.25299444945129906,0.22962120366911293,-0.12855082884941293,-0.3090573307231302
gate_gt,noisy,9,0.6499999761581421,0.6063492298126221,3.828688383102417,nan,nan,nan,-0.2961330207798899,-0.13273707974763713,-0.17994399849544493,-0.09195265023226833,0.20149461167449806,-0.23434780050505746
reliability_gt,noisy,0,0.6166666746139526,0.5904762148857117,4.042787551879883,0.006843004608526826,0.006728713400661945,0.0069572958163917065,0.019674986736708335,0.22906796362813073,0.27771743539253196,0.041138542034029335,0.190748191108583,0.21009556949125052
reliability_gt,noisy,1,0.6777777671813965,0.6777777671813965,4.216744899749756,0.006760071264579892,0.006515896413475275,0.007004246115684509,0.0689107147503718,0.1017397879001485,-0.0446553596325659,0.32054390086862267,0.11081177056919911,0.0032085699160226896
reliability_gt,noisy,2,0.6499999761581421,0.6380952596664429,2.4614317417144775,0.006835665786638856,0.006658859085291624,0.007012472487986088,0.21673385432079678,0.09775098911600318,0.02300786800187821,-0.023578174990506406,0.15428554919947302,0.0814239328148226
reliability_gt,noisy,3,0.6833333373069763,0.6650793552398682,2.9462695121765137,0.006816779728978872,0.006606758572161198,0.007026800885796547,-0.22210069375393823,0.389428085941807,-0.1820286973201766,0.03972004801421953,0.655587595661504,0.13263119601178947
reliability_gt,noisy,4,0.5833333134651184,0.5507936477661133,2.527733087539673,0.006645499495789409,0.006576939020305872,0.006714059971272945,-0.12384472524550116,-0.09417667406507937,-0.11057161462210863,-0.15031375012625972,-0.432384898212808,0.02298354690200217
reliability_gt,noisy,5,0.605555534362793,0.5714285969734192,4.249404430389404,0.006805313751101494,0.006774882785975933,0.006835744716227055,-0.43040517338313705,0.28525113391441836,0.05805801184821414,-0.2538401999403971,0.22385413945503535,0.07663059450494997
reliability_gt,noisy,6,0.6722221970558167,0.5936508178710938,2.7875630855560303,0.006848146673291922,0.006573603022843599,0.007122690323740244,-0.4955179267852305,-0.013668970373433634,-0.09932896092989259,-0.4360086213282766,-0.3761510211010092,0.20224723747340984
reliability_gt,noisy,7,0.6499999761581421,0.6142857074737549,2.936443328857422,0.0068593439646065235,0.0066153015941381454,0.007103386335074902,-0.2567772208909542,-0.01269278325581006,0.09322094727009547,-0.27069627365373344,0.0687830471019877,-0.03939328443606511
reliability_gt,noisy,8,0.6666666865348816,0.6746031641960144,4.677606582641602,0.007028807187452912,0.006775027606636286,0.007282586768269539,-0.21297054870042403,0.38904439795339285,0.02524496861824208,-0.3085637423988367,0.4622873648663797,0.29791120980903324
reliability_gt,noisy,9,0.6499999761581421,0.6015872955322266,4.5445122718811035,0.006718783872202039,0.006746580358594656,0.0066909873858094215,-0.14960477566727481,-0.12554738338287894,0.02995947807800621,0.1739420877913661,-0.3305684282854708,0.0885611857651091
