dataset,router,status,status_detail,edge_protocol,run,split,seed,oof_folds,best_epoch,best_val_balanced_accuracy,best_val_preference_auc,decision_threshold,train_preference_count,train_local_preference_count,train_global_preference_count,train_preference_auc,train_balanced_accuracy,train_routing_accuracy,val_preference_count,val_local_preference_count,val_global_preference_count,val_preference_auc,val_balanced_accuracy,val_routing_accuracy,test_preference_count,test_local_preference_count,test_global_preference_count,test_preference_auc,test_balanced_accuracy,test_routing_accuracy,test_routed_node_accuracy,validation_majority_choice,test_majority_routing_accuracy,test_majority_balanced_accuracy,test_majority_routed_node_accuracy,local_expert_test_accuracy,global_expert_test_accuracy,reliability_components,normalize_features,rw_steps,rw_samples,rw_seed,hidden_dim,num_layers,num_heads,dropout,lr,weight_decay,expert_epochs,router_epochs,patience,data_fingerprint,preprocess_code_hash,oof_cache_hit,elapsed_sec
Actor,reliability_only,ok,,undirected,0:0,0,0,5,-1,0.5458235140089028,0.5304480885048442,0.5862932801246643,1041,420,621,0.5280979219385017,0.5207326892109501,0.5408261287223823,706,304,402,0.5304480885048442,0.5458235140089028,0.5594900849858357,479,204,275,0.5230926916221033,0.5174242424242425,0.5323590814196242,0.34473684430122375,global,0.5741127348643006,0.5,0.35789474844932556,0.31118422746658325,0.35789474844932556,"degree,local_similarity,neighbor_variance,rwse",True,4,128,0,64,2,4,0.3,0.003,0.0001,500,300,100,b9e1e067010d32c1abc894d5b53684da37fe0c3000d6c6089eb99475573861a0,9f9d1ce40cab8e6e,False,71.09613919258118
Actor,node_feature_only,ok,,undirected,0:0,0,0,5,-1,0.5449397748101596,0.5439701165226498,0.5803939700126648,1041,420,621,0.5151809677171997,0.5011617207269381,0.521613832853026,706,304,402,0.5439701165226498,0.5449397748101596,0.556657223796034,479,204,275,0.49963458110516934,0.5010606060606061,0.5135699373695198,0.3388158082962036,global,0.5741127348643006,0.5,0.35789474844932556,0.31118422746658325,0.35789474844932556,"degree,local_similarity,neighbor_variance,rwse",True,4,128,0,64,2,4,0.3,0.003,0.0001,500,300,100,b9e1e067010d32c1abc894d5b53684da37fe0c3000d6c6089eb99475573861a0,9f9d1ce40cab8e6e,False,74.57960653305054
Actor,combined,ok,,undirected,0:0,0,0,5,11,0.5272486252945797,0.48399859256349825,0.32135236263275146,1041,420,621,0.8774097078444905,0.6116689671037497,0.5408261287223823,706,304,402,0.48399859256349825,0.5272486252945797,0.471671388101983,479,204,275,0.5602673796791444,0.4953297682709447,0.4321503131524008,0.31315791606903076,global,0.5741127348643006,0.5,0.35789474844932556,0.31118422746658325,0.35789474844932556,"degree,local_similarity,neighbor_variance,rwse",True,4,128,0,64,2,4,0.3,0.003,0.0001,500,300,100,b9e1e067010d32c1abc894d5b53684da37fe0c3000d6c6089eb99475573861a0,9f9d1ce40cab8e6e,False,78.30491471290588
Actor,reliability_only,ok,,undirected,1:0,1,0,5,-1,0.5436206946370781,0.534500693481276,0.6015910506248474,1095,436,659,0.5547256755439852,0.5421196976235887,0.5908675799086758,757,309,448,0.534500693481276,0.5436206946370781,0.5852047556142669,441,186,255,0.5454353784524563,0.515022137887413,0.5510204081632653,0.3276315927505493,global,0.5782312925170068,0.5,0.33552631735801697,0.2901315987110138,0.33552631735801697,"degree,local_similarity,neighbor_variance,rwse",True,4,128,0,64,2,4,0.3,0.003,0.0001,500,300,100,b9e1e067010d32c1abc894d5b53684da37fe0c3000d6c6089eb99475573861a0,9f9d1ce40cab8e6e,False,69.20698118209839
Actor,node_feature_only,ok,,undirected,1:0,1,0,5,4,0.5646418458159963,0.5515343273231622,0.5343859791755676,1095,436,659,0.811989252551127,0.7230408876390417,0.708675799086758,757,309,448,0.5515343273231622,0.5646418458159963,0.5548216644649934,441,186,255,0.5476597090449082,0.5351992409867172,0.5306122448979592,0.3217105269432068,global,0.5782312925170068,0.5,0.33552631735801697,0.2901315987110138,0.33552631735801697,"degree,local_similarity,neighbor_variance,rwse",True,4,128,0,64,2,4,0.3,0.003,0.0001,500,300,100,b9e1e067010d32c1abc894d5b53684da37fe0c3000d6c6089eb99475573861a0,9f9d1ce40cab8e6e,False,72.64211201667786
Actor,combined,ok,,undirected,1:0,1,0,5,19,0.5487965210355987,0.5312066574202496,0.39502987265586853,1095,436,659,0.9473329760131419,0.8692208099567039,0.8575342465753425,757,309,448,0.5312066574202496,0.5487965210355987,0.5455746367239102,441,186,255,0.5305819101834282,0.5277988614800759,0.5170068027210885,0.31776317954063416,global,0.5782312925170068,0.5,0.33552631735801697,0.2901315987110138,0.33552631735801697,"degree,local_similarity,neighbor_variance,rwse",True,4,128,0,64,2,4,0.3,0.003,0.0001,500,300,100,b9e1e067010d32c1abc894d5b53684da37fe0c3000d6c6089eb99475573861a0,9f9d1ce40cab8e6e,False,76.52578258514404
Actor,reliability_only,ok,,undirected,2:0,2,0,5,0,0.5449139207700852,0.5322874244107121,0.5054912567138672,1060,426,634,0.5177426282193688,0.4946201922364894,0.46132075471698114,734,296,438,0.5322874244107121,0.5449139207700852,0.5163487738419619,442,167,275,0.5217419706042461,0.5293413173652695,0.497737556561086,0.3348684310913086,global,0.6221719457013575,0.5,0.37105265259742737,0.30000001192092896,0.37105265259742737,"degree,local_similarity,neighbor_variance,rwse",True,4,128,0,64,2,4,0.3,0.003,0.0001,500,300,100,b9e1e067010d32c1abc894d5b53684da37fe0c3000d6c6089eb99475573861a0,9f9d1ce40cab8e6e,False,71.87726950645447
Actor,node_feature_only,ok,,undirected,2:0,2,0,5,8,0.5342002961865976,0.5218746143403677,0.45302873849868774,1060,426,634,0.8612950045171129,0.7902097125338784,0.7877358490566038,734,296,438,0.5218746143403677,0.5342002961865976,0.5395095367847411,442,167,275,0.5197822536744692,0.5258356015242243,0.5475113122171946,0.34934210777282715,global,0.6221719457013575,0.5,0.37105265259742737,0.30000001192092896,0.37105265259742737,"degree,local_similarity,neighbor_variance,rwse",True,4,128,0,64,2,4,0.3,0.003,0.0001,500,300,100,b9e1e067010d32c1abc894d5b53684da37fe0c3000d6c6089eb99475573861a0,9f9d1ce40cab8e6e,False,75.48635458946228
Actor,combined,ok,,undirected,2:0,2,0,5,200,0.5533290139454523,0.5441811674688387,0.11721374839544296,1060,426,634,0.9999611232061137,0.9921135646687698,0.9905660377358491,734,296,438,0.5441811674688387,0.5533290139454523,0.5544959128065395,442,167,275,0.5238432226456179,0.4858356015242243,0.497737556561086,0.3348684310913086,global,0.6221719457013575,0.5,0.37105265259742737,0.30000001192092896,0.37105265259742737,"degree,local_similarity,neighbor_variance,rwse",True,4,128,0,64,2,4,0.3,0.003,0.0001,500,300,100,b9e1e067010d32c1abc894d5b53684da37fe0c3000d6c6089eb99475573861a0,9f9d1ce40cab8e6e,False,85.09240412712097
Actor,reliability_only,ok,,undirected,3:0,3,0,5,1,0.5464705882352942,0.514075878872259,0.4641261100769043,1141,466,675,0.5096455253536799,0.5194913368303926,0.48729184925503943,767,325,442,0.514075878872259,0.5464705882352942,0.5228161668839635,485,208,277,0.5802641627325742,0.5410910163843377,0.5175257731958763,0.33355265855789185,global,0.5711340206185567,0.5,0.3506579101085663,0.3052631616592407,0.3506579101085663,"degree,local_similarity,neighbor_variance,rwse",True,4,128,0,64,2,4,0.3,0.003,0.0001,500,300,100,b9e1e067010d32c1abc894d5b53684da37fe0c3000d6c6089eb99475573861a0,9f9d1ce40cab8e6e,False,66.25774502754211
Actor,node_feature_only,ok,,undirected,3:0,3,0,5,9,0.5640723981900453,0.5520988513748695,0.37396255135536194,1141,466,675,0.8339469082816723,0.7158782387537752,0.6862401402278703,767,325,442,0.5520988513748695,0.5640723981900453,0.5332464146023468,485,208,277,0.5836833518467093,0.5386611357956124,0.5092783505154639,0.3309210538864136,global,0.5711340206185567,0.5,0.3506579101085663,0.3052631616592407,0.3506579101085663,"degree,local_similarity,neighbor_variance,rwse",True,4,128,0,64,2,4,0.3,0.003,0.0001,500,300,100,b9e1e067010d32c1abc894d5b53684da37fe0c3000d6c6089eb99475573861a0,9f9d1ce40cab8e6e,False,69.74400568008423
Actor,combined,ok,,undirected,3:0,3,0,5,11,0.5715837104072399,0.5676853463278803,0.48226478695869446,1141,466,675,0.8570831346367827,0.7898442219043077,0.7879053461875548,767,325,442,0.5676853463278803,0.5715837104072399,0.5775749674054759,485,208,277,0.5439895168008887,0.5255658150513747,0.5278350515463918,0.3368421196937561,global,0.5711340206185567,0.5,0.3506579101085663,0.3052631616592407,0.3506579101085663,"degree,local_similarity,neighbor_variance,rwse",True,4,128,0,64,2,4,0.3,0.003,0.0001,500,300,100,b9e1e067010d32c1abc894d5b53684da37fe0c3000d6c6089eb99475573861a0,9f9d1ce40cab8e6e,False,73.61244773864746
Actor,reliability_only,ok,,undirected,4:0,4,0,5,-1,0.5418870192307692,0.5207481971153847,0.5870718955993652,1075,428,647,0.5176840630371665,0.5003665371448381,0.521860465116279,646,256,390,0.5207481971153847,0.5418870192307692,0.5619195046439629,401,177,224,0.4901382163034706,0.5011728208232445,0.516209476309227,0.3309210538864136,global,0.5586034912718204,0.5,0.34210526943206787,0.31118422746658325,0.34210526943206787,"degree,local_similarity,neighbor_variance,rwse",True,4,128,0,64,2,4,0.3,0.003,0.0001,500,300,100,b9e1e067010d32c1abc894d5b53684da37fe0c3000d6c6089eb99475573861a0,9f9d1ce40cab8e6e,False,67.55923891067505
Actor,node_feature_only,ok,,undirected,4:0,4,0,5,0,0.536678685897436,0.5272936698717948,0.4120253026485443,1075,428,647,0.6151576651403314,0.5763209782027763,0.5609302325581396,646,256,390,0.5272936698717948,0.536678685897436,0.5232198142414861,401,177,224,0.49857495964487486,0.47445016142050045,0.46384039900249374,0.3171052634716034,global,0.5586034912718204,0.5,0.34210526943206787,0.31118422746658325,0.34210526943206787,"degree,local_similarity,neighbor_variance,rwse",True,4,128,0,64,2,4,0.3,0.003,0.0001,500,300,100,b9e1e067010d32c1abc894d5b53684da37fe0c3000d6c6089eb99475573861a0,9f9d1ce40cab8e6e,False,71.11738133430481
Actor,combined,ok,,undirected,4:0,4,0,5,0,0.5330528846153846,0.528104967948718,0.46297505497932434,1075,428,647,0.5826098889193835,0.5405772869751115,0.4874418604651163,646,256,390,0.528104967948718,0.5330528846153846,0.47832817337461303,401,177,224,0.5156628329297821,0.5097735068603713,0.47880299251870323,0.3210526406764984,global,0.5586034912718204,0.5,0.34210526943206787,0.31118422746658325,0.34210526943206787,"degree,local_similarity,neighbor_variance,rwse",True,4,128,0,64,2,4,0.3,0.003,0.0001,500,300,100,b9e1e067010d32c1abc894d5b53684da37fe0c3000d6c6089eb99475573861a0,9f9d1ce40cab8e6e,False,74.1709668636322
Actor,reliability_only,ok,,undirected,5:0,5,0,5,-1,0.5383918128654971,0.5120358187134503,0.5903236269950867,1058,421,637,0.5215063185880966,0.5097696670482554,0.5415879017013232,754,304,450,0.5120358187134503,0.5383918128654971,0.5636604774535809,431,184,247,0.5164033620841402,0.5040375814117233,0.5197215777262181,0.32894739508628845,global,0.5730858468677494,0.5,0.3440789580345154,0.30263158679008484,0.3440789580345154,"degree,local_similarity,neighbor_variance,rwse",True,4,128,0,64,2,4,0.3,0.003,0.0001,500,300,100,b9e1e067010d32c1abc894d5b53684da37fe0c3000d6c6089eb99475573861a0,9f9d1ce40cab8e6e,False,73.10574173927307
Actor,node_feature_only,ok,,undirected,5:0,5,0,5,16,0.5600292397660819,0.5534795321637427,0.812671422958374,1058,421,637,0.939620101649284,0.7887626455661746,0.8241965973534972,754,304,450,0.5534795321637427,0.5600292397660819,0.6047745358090185,431,184,247,0.5628080443583876,0.561135803555712,0.5962877030162413,0.3506579101085663,global,0.5730858468677494,0.5,0.3440789580345154,0.30263158679008484,0.3440789580345154,"degree,local_similarity,neighbor_variance,rwse",True,4,128,0,64,2,4,0.3,0.003,0.0001,500,300,100,b9e1e067010d32c1abc894d5b53684da37fe0c3000d6c6089eb99475573861a0,9f9d1ce40cab8e6e,False,76.94417095184326
Actor,combined,ok,,undirected,5:0,5,0,5,152,0.5679897660818714,0.55390716374269,0.8830629587173462,1058,421,637,0.999990677798618,0.9881235154394299,0.9905482041587902,754,304,450,0.55390716374269,0.5679897660818714,0.603448275862069,431,184,247,0.5570212110543917,0.5315195388135892,0.5591647331786543,0.34013158082962036,global,0.5730858468677494,0.5,0.3440789580345154,0.30263158679008484,0.3440789580345154,"degree,local_similarity,neighbor_variance,rwse",True,4,128,0,64,2,4,0.3,0.003,0.0001,500,300,100,b9e1e067010d32c1abc894d5b53684da37fe0c3000d6c6089eb99475573861a0,9f9d1ce40cab8e6e,False,85.25823497772217
Actor,reliability_only,ok,,undirected,6:0,6,0,5,5,0.567046563586356,0.5729022995458981,0.46692150831222534,1050,429,621,0.5796538405234056,0.5685843946713511,0.5561904761904762,718,289,429,0.5729022995458981,0.567046563586356,0.5487465181058496,437,175,262,0.5242093784078516,0.513751363140676,0.4988558352402746,0.31513160467147827,global,0.5995423340961098,0.5,0.3440789580345154,0.28684210777282715,0.3440789580345154,"degree,local_similarity,neighbor_variance,rwse",True,4,128,0,64,2,4,0.3,0.003,0.0001,500,300,100,b9e1e067010d32c1abc894d5b53684da37fe0c3000d6c6089eb99475573861a0,9f9d1ce40cab8e6e,False,74.57463383674622
Actor,node_feature_only,ok,,undirected,6:0,6,0,5,-1,0.5688331276566571,0.5670223663303249,0.5630964040756226,1050,429,621,0.5120810483129323,0.5072914203348986,0.4704761904761905,718,289,429,0.5670223663303249,0.5688331276566571,0.5306406685236769,437,175,262,0.4457470010905126,0.43355507088331513,0.39359267734553777,0.28486841917037964,global,0.5995423340961098,0.5,0.3440789580345154,0.28684210777282715,0.3440789580345154,"degree,local_similarity,neighbor_variance,rwse",True,4,128,0,64,2,4,0.3,0.003,0.0001,500,300,100,b9e1e067010d32c1abc894d5b53684da37fe0c3000d6c6089eb99475573861a0,9f9d1ce40cab8e6e,False,77.6712863445282
Actor,combined,ok,,undirected,6:0,6,0,5,5,0.5546978972584509,0.5588356280397803,0.4976911246776581,1050,429,621,0.7206963728702859,0.6660529486616443,0.6638095238095238,718,289,429,0.5588356280397803,0.5546978972584509,0.5515320334261838,437,175,262,0.5674372955288987,0.5529225736095965,0.5560640732265446,0.33157896995544434,global,0.5995423340961098,0.5,0.3440789580345154,0.28684210777282715,0.3440789580345154,"degree,local_similarity,neighbor_variance,rwse",True,4,128,0,64,2,4,0.3,0.003,0.0001,500,300,100,b9e1e067010d32c1abc894d5b53684da37fe0c3000d6c6089eb99475573861a0,9f9d1ce40cab8e6e,False,81.02016973495483
Actor,reliability_only,ok,,undirected,7:0,7,0,5,7,0.528611550741476,0.5059876130968173,0.46410325169563293,1137,473,664,0.593613884714333,0.5612311826587535,0.5514511873350924,670,281,389,0.5059876130968173,0.528611550741476,0.5134328358208955,423,172,251,0.5522792550727323,0.5285022699898082,0.5153664302600472,0.3302631676197052,global,0.5933806146572104,0.5,0.3519737124443054,0.30000001192092896,0.3519737124443054,"degree,local_similarity,neighbor_variance,rwse",True,4,128,0,64,2,4,0.3,0.003,0.0001,500,300,100,b9e1e067010d32c1abc894d5b53684da37fe0c3000d6c6089eb99475573861a0,9f9d1ce40cab8e6e,False,72.46892523765564
Actor,node_feature_only,ok,,undirected,7:0,7,0,5,7,0.5604753496967313,0.5428875938852245,0.5435230731964111,1137,473,664,0.8175704933900507,0.7014522147787768,0.7326297273526825,670,281,389,0.5428875938852245,0.5604753496967313,0.5940298507462687,423,172,251,0.5201635319188362,0.5350342814787362,0.5839243498817966,0.34934210777282715,global,0.5933806146572104,0.5,0.3519737124443054,0.30000001192092896,0.3519737124443054,"degree,local_similarity,neighbor_variance,rwse",True,4,128,0,64,2,4,0.3,0.003,0.0001,500,300,100,b9e1e067010d32c1abc894d5b53684da37fe0c3000d6c6089eb99475573861a0,9f9d1ce40cab8e6e,False,75.8196120262146
Actor,combined,ok,,undirected,7:0,7,0,5,131,0.5486190524110549,0.5242614972234674,0.9950758814811707,1137,473,664,0.9998997045263507,0.9471458773784356,0.9560246262093228,670,281,389,0.5242614972234674,0.5486190524110549,0.5940298507462687,423,172,251,0.5406976744186046,0.5175924210136199,0.5697399527186762,0.3453947603702545,global,0.5933806146572104,0.5,0.3519737124443054,0.30000001192092896,0.3519737124443054,"degree,local_similarity,neighbor_variance,rwse",True,4,128,0,64,2,4,0.3,0.003,0.0001,500,300,100,b9e1e067010d32c1abc894d5b53684da37fe0c3000d6c6089eb99475573861a0,9f9d1ce40cab8e6e,False,83.44267272949219
Actor,reliability_only,ok,,undirected,8:0,8,0,5,20,0.5576243616417629,0.5421108379042936,0.4737275242805481,1050,408,642,0.6069383360820964,0.5698185816382628,0.5657142857142857,736,311,425,0.5421108379042936,0.5576243616417629,0.5543478260869565,436,188,248,0.5080752402196294,0.5087079615648593,0.5091743119266054,0.3342105448246002,global,0.5688073394495413,0.5,0.35131579637527466,0.3118421137332916,0.35131579637527466,"degree,local_similarity,neighbor_variance,rwse",True,4,128,0,64,2,4,0.3,0.003,0.0001,500,300,100,b9e1e067010d32c1abc894d5b53684da37fe0c3000d6c6089eb99475573861a0,9f9d1ce40cab8e6e,False,72.60768675804138
Actor,node_feature_only,ok,,undirected,8:0,8,0,5,9,0.5740949498770569,0.5607263098165312,0.47854945063591003,1050,408,642,0.870674515912284,0.7977483049294485,0.7838095238095238,736,311,425,0.5607263098165312,0.5740949498770569,0.5733695652173914,436,188,248,0.5632185140700068,0.5487731640356898,0.5481651376146789,0.3453947603702545,global,0.5688073394495413,0.5,0.35131579637527466,0.3118421137332916,0.35131579637527466,"degree,local_similarity,neighbor_variance,rwse",True,4,128,0,64,2,4,0.3,0.003,0.0001,500,300,100,b9e1e067010d32c1abc894d5b53684da37fe0c3000d6c6089eb99475573861a0,9f9d1ce40cab8e6e,False,76.17018485069275
Actor,combined,ok,,undirected,8:0,8,0,5,11,0.5894647247966711,0.5813504823151125,0.4606339633464813,1050,408,642,0.8537772585669781,0.7644768187648892,0.7447619047619047,736,311,425,0.5813504823151125,0.5894647247966711,0.5801630434782609,436,188,248,0.5358184625943719,0.5465854495538778,0.5412844036697247,0.343421071767807,global,0.5688073394495413,0.5,0.35131579637527466,0.3118421137332916,0.35131579637527466,"degree,local_similarity,neighbor_variance,rwse",True,4,128,0,64,2,4,0.3,0.003,0.0001,500,300,100,b9e1e067010d32c1abc894d5b53684da37fe0c3000d6c6089eb99475573861a0,9f9d1ce40cab8e6e,False,79.79172730445862
Actor,reliability_only,ok,,undirected,9:0,9,0,5,1,0.542840713053479,0.5270305766759668,0.4753635823726654,1094,436,658,0.5603231923259251,0.5302173670561334,0.5228519195612431,756,333,423,0.5270305766759668,0.542840713053479,0.5370370370370371,433,170,263,0.5172444643256542,0.5118541713263252,0.5080831408775982,0.34934210777282715,global,0.6073903002309469,0.5,0.37763160467147827,0.316447377204895,0.37763160467147827,"degree,local_similarity,neighbor_variance,rwse",True,4,128,0,64,2,4,0.3,0.003,0.0001,500,300,100,b9e1e067010d32c1abc894d5b53684da37fe0c3000d6c6089eb99475573861a0,9f9d1ce40cab8e6e,False,65.4501051902771
Actor,node_feature_only,ok,,undirected,9:0,9,0,5,4,0.5491342406236024,0.5399690470612457,0.47980260848999023,1094,436,658,0.7881228911631021,0.638130559660913,0.5758683729433273,756,333,423,0.5399690470612457,0.5491342406236024,0.5119047619047619,433,170,263,0.5346343099977634,0.5211697606799374,0.45496535796766746,0.3342105448246002,global,0.6073903002309469,0.5,0.37763160467147827,0.316447377204895,0.37763160467147827,"degree,local_similarity,neighbor_variance,rwse",True,4,128,0,64,2,4,0.3,0.003,0.0001,500,300,100,b9e1e067010d32c1abc894d5b53684da37fe0c3000d6c6089eb99475573861a0,9f9d1ce40cab8e6e,False,68.85121560096741
Actor,combined,ok,,undirected,9:0,9,0,5,10,0.541978148361127,0.5096763430096763,0.357898473739624,1094,436,658,0.8445403781266557,0.6127931457572293,0.5374771480804388,756,333,423,0.5096763430096763,0.541978148361127,0.49603174603174605,433,170,263,0.5162156117199732,0.5158577499440841,0.4295612009237875,0.32697370648384094,global,0.6073903002309469,0.5,0.37763160467147827,0.316447377204895,0.37763160467147827,"degree,local_similarity,neighbor_variance,rwse",True,4,128,0,64,2,4,0.3,0.003,0.0001,500,300,100,b9e1e067010d32c1abc894d5b53684da37fe0c3000d6c6089eb99475573861a0,9f9d1ce40cab8e6e,False,72.76475095748901
